timestamp	type	text
1751897341217	info	2025-07-07 16:09:01 Device API logging initialized - DEVICE
1751897341595	info	2025-07-07 16:09:01.595199 Changing log level to DEBUG -  sap.base.log
1751897341596	info	2025-07-07 16:09:01.596500 Creating Core -  sap.ui.core.Core
1751897341597	info	2025-07-07 16:09:01.597100 Declared theme sap_horizon -  sap.ui.core.Core
1751897341597	info	2025-07-07 16:09:01.597100 Declared modules:  - sap.ui.core.Core 
1751897341597	info	2025-07-07 16:09:01.597100 Declared libraries: sap.ui.core - sap.ui.core.Core 
1751897341597	info	2025-07-07 16:09:01.597400 Content direction set to 'ltr' -  sap/ui/core/util/_LocalizationHelper
1751897341597	debug	2025-07-07 16:09:01.597600 Browser-Id: cr138 -  sap.ui.core.Core
1751897341597	info	2025-07-07 16:09:01.597800 Sync point 'UI5 Document Ready' created -  
1751897341597	info	2025-07-07 16:09:01.597900 Sync point 'UI5 Core Preloads and Bootstrap Script' created -  
1751897341598	info	2025-07-07 16:09:01.598199 Sync point 'UI5 Core Preloads and Bootstrap Script' finished (tasks:2, open:0, failures:0) -  
1751897341643	debug	2025-07-07 16:09:01.643300 Analyzing Library sap.ui.core -  sap/ui/core/Lib.init
1751897341648	info	2025-07-07 16:09:01.647800 Sync point 'UI5 Document Ready' finished (tasks:2, open:0, failures:0) -  
1751897341648	info	2025-07-07 16:09:01.647900 Initializing -  sap.ui.core.Core.init()
1751897341648	info	2025-07-07 16:09:01.648100 Initialized -  sap.ui.core.Core.init()
1751897341648	info	2025-07-07 16:09:01.648100 Starting Plugins -  sap.ui.core.Core.init()
1751897341648	info	2025-07-07 16:09:01.648100 Plugins started -  sap.ui.core.Core.init()
1751897341659	info	2025-07-07 16:09:01.659100 Declared theme sap_horizon -  
1751897341659	info	2025-07-07 16:09:01.659500 Including http://localhost:4004/uimodule/resources/sap/ui/core/themes/sap_horizon/library.css?version=1.136.1 -  sap.ui.core.theming.ThemeManager.includeLibraryTheme() -  
1751897341660	debug	2025-07-07 16:09:01.659900 sap.ui.core.theming.ThemeHelper: sap-ui-theme-sap.ui.core: false (noLinkElement: false, sheet: false, innerHtml: false, linkElementFinishedLoading: false) -  
1751897341660	debug	2025-07-07 16:09:01.660199 ThemeManager: Theme not yet applied. -  
1751897341662	debug	2025-07-07 16:09:01.662600 sap.ui.core.theming.ThemeHelper: sap-ui-theme-sap.ui.core: false (noLinkElement: false, sheet: false, innerHtml: false, linkElementFinishedLoading: false) -  
1751897341662	debug	2025-07-07 16:09:01.662699 ThemeManager: Theme not yet applied. -  
1751897341665	debug	2025-07-07 16:09:01.665000 sap.ui.core.theming.ThemeHelper: sap-ui-theme-sap.ui.core: false (noLinkElement: false, sheet: false, innerHtml: false, linkElementFinishedLoading: false) -  
1751897341665	debug	2025-07-07 16:09:01.665000 ThemeManager: Theme not yet applied. -  
1751897341667	debug	2025-07-07 16:09:01.667300 sap.ui.core.theming.ThemeHelper: sap-ui-theme-sap.ui.core: false (noLinkElement: false, sheet: false, innerHtml: false, linkElementFinishedLoading: false) -  
1751897341667	debug	2025-07-07 16:09:01.667400 ThemeManager: Theme not yet applied. -  
1751897341669	debug	2025-07-07 16:09:01.669800 sap.ui.core.theming.ThemeHelper: sap-ui-theme-sap.ui.core: false (noLinkElement: false, sheet: false, innerHtml: false, linkElementFinishedLoading: false) -  
1751897341670	debug	2025-07-07 16:09:01.669900 ThemeManager: Theme not yet applied. -  
1751897341672	debug	2025-07-07 16:09:01.672699 sap.ui.core.theming.ThemeHelper: sap-ui-theme-sap.ui.core: false (noLinkElement: false, sheet: false, innerHtml: false, linkElementFinishedLoading: false) -  
1751897341672	debug	2025-07-07 16:09:01.672900 ThemeManager: Theme not yet applied. -  
1751897341675	debug	2025-07-07 16:09:01.675000 sap.ui.core.theming.ThemeHelper: sap-ui-theme-sap.ui.core: false (noLinkElement: false, sheet: false, innerHtml: false, linkElementFinishedLoading: false) -  
1751897341675	debug	2025-07-07 16:09:01.675000 ThemeManager: Theme not yet applied. -  
1751897341679	debug	2025-07-07 16:09:01.679699 sap.ui.core.theming.ThemeHelper: sap-ui-theme-sap.ui.core: false (noLinkElement: false, sheet: false, innerHtml: false, linkElementFinishedLoading: false) -  
1751897341680	debug	2025-07-07 16:09:01.679800 ThemeManager: Theme not yet applied. -  
1751897341684	debug	2025-07-07 16:09:01.684400 sap.ui.core.theming.ThemeHelper: sap-ui-theme-sap.ui.core: false (noLinkElement: false, sheet: false, innerHtml: false, linkElementFinishedLoading: false) -  
1751897341684	debug	2025-07-07 16:09:01.684500 ThemeManager: Theme not yet applied. -  
1751897341689	debug	2025-07-07 16:09:01.689100 sap.ui.core.theming.ThemeHelper: sap-ui-theme-sap.ui.core: false (noLinkElement: false, sheet: false, innerHtml: false, linkElementFinishedLoading: false) -  
1751897341689	debug	2025-07-07 16:09:01.689199 ThemeManager: Theme not yet applied. -  
1751897341693	debug	2025-07-07 16:09:01.693800 sap.ui.core.theming.ThemeHelper: sap-ui-theme-sap.ui.core: false (noLinkElement: false, sheet: false, innerHtml: false, linkElementFinishedLoading: false) -  
1751897341694	debug	2025-07-07 16:09:01.693900 ThemeManager: Theme not yet applied. -  
1751897341698	debug	2025-07-07 16:09:01.698600 sap.ui.core.theming.ThemeHelper: sap-ui-theme-sap.ui.core: false (noLinkElement: false, sheet: false, innerHtml: false, linkElementFinishedLoading: false) -  
1751897341698	debug	2025-07-07 16:09:01.698600 ThemeManager: Theme not yet applied. -  
1751897341703	debug	2025-07-07 16:09:01.703199 sap.ui.core.theming.ThemeHelper: sap-ui-theme-sap.ui.core: false (noLinkElement: false, sheet: false, innerHtml: false, linkElementFinishedLoading: false) -  
1751897341703	debug	2025-07-07 16:09:01.703300 ThemeManager: Theme not yet applied. -  
1751897341708	debug	2025-07-07 16:09:01.708300 sap.ui.core.theming.ThemeHelper: sap-ui-theme-sap.ui.core: true (noLinkElement: false, sheet: true, innerHtml: false, linkElementFinishedLoading: true) -  
1751897341991	debug	2025-07-07 16:09:01.991699 Analyzing Library sap.fe.placeholder -  sap/ui/core/Lib.init
1751897341992	debug	2025-07-07 16:09:01.991800 resolve Dependencies to sap.ui.core -  sap/ui/core/Lib.init
1751897341992	info	2025-07-07 16:09:01.991900 Including http://localhost:4004/uimodule/resources/sap/fe/placeholder/themes/sap_horizon/library.css?version=1.136.1 -  sap.ui.core.theming.ThemeManager.includeLibraryTheme() -  
1751897341992	debug	2025-07-07 16:09:01.992100 sap.ui.core.theming.ThemeHelper: sap-ui-theme-sap.ui.core: true (noLinkElement: false, sheet: true, innerHtml: false, linkElementFinishedLoading: true) -  
1751897341992	debug	2025-07-07 16:09:01.992100 sap.ui.core.theming.ThemeHelper: sap-ui-theme-sap.fe.placeholder: false (noLinkElement: false, sheet: false, innerHtml: false, linkElementFinishedLoading: false) -  
1751897341993	debug	2025-07-07 16:09:01.992199 ThemeManager: Theme not yet applied. -  
1751897341994	debug	2025-07-07 16:09:01.994300 sap.ui.core.theming.ThemeHelper: sap-ui-theme-sap.ui.core: true (noLinkElement: false, sheet: true, innerHtml: false, linkElementFinishedLoading: true) -  
1751897341994	debug	2025-07-07 16:09:01.994500 sap.ui.core.theming.ThemeHelper: sap-ui-theme-sap.fe.placeholder: false (noLinkElement: false, sheet: false, innerHtml: false, linkElementFinishedLoading: false) -  
1751897341994	debug	2025-07-07 16:09:01.994500 ThemeManager: Theme not yet applied. -  
1751897341996	debug	2025-07-07 16:09:01.996800 sap.ui.core.theming.ThemeHelper: sap-ui-theme-sap.ui.core: true (noLinkElement: false, sheet: true, innerHtml: false, linkElementFinishedLoading: true) -  
1751897341996	debug	2025-07-07 16:09:01.996900 sap.ui.core.theming.ThemeHelper: sap-ui-theme-sap.fe.placeholder: false (noLinkElement: false, sheet: false, innerHtml: false, linkElementFinishedLoading: false) -  
1751897341997	debug	2025-07-07 16:09:01.996900 ThemeManager: Theme not yet applied. -  
1751897341999	debug	2025-07-07 16:09:01.999600 sap.ui.core.theming.ThemeHelper: sap-ui-theme-sap.ui.core: true (noLinkElement: false, sheet: true, innerHtml: false, linkElementFinishedLoading: true) -  
1751897341999	debug	2025-07-07 16:09:01.999699 sap.ui.core.theming.ThemeHelper: sap-ui-theme-sap.fe.placeholder: false (noLinkElement: false, sheet: false, innerHtml: false, linkElementFinishedLoading: false) -  
1751897341999	debug	2025-07-07 16:09:01.999699 ThemeManager: Theme not yet applied. -  
1751897342001	debug	2025-07-07 16:09:02.001800 sap.ui.core.theming.ThemeHelper: sap-ui-theme-sap.ui.core: true (noLinkElement: false, sheet: true, innerHtml: false, linkElementFinishedLoading: true) -  
1751897342001	debug	2025-07-07 16:09:02.001900 sap.ui.core.theming.ThemeHelper: sap-ui-theme-sap.fe.placeholder: false (noLinkElement: false, sheet: false, innerHtml: false, linkElementFinishedLoading: false) -  
1751897342001	debug	2025-07-07 16:09:02.001900 ThemeManager: Theme not yet applied. -  
1751897342004	debug	2025-07-07 16:09:02.004500 sap.ui.core.theming.ThemeHelper: sap-ui-theme-sap.ui.core: true (noLinkElement: false, sheet: true, innerHtml: false, linkElementFinishedLoading: true) -  
1751897342004	debug	2025-07-07 16:09:02.004600 sap.ui.core.theming.ThemeHelper: sap-ui-theme-sap.fe.placeholder: false (noLinkElement: false, sheet: false, innerHtml: false, linkElementFinishedLoading: false) -  
1751897342004	debug	2025-07-07 16:09:02.004600 ThemeManager: Theme not yet applied. -  
1751897342007	debug	2025-07-07 16:09:02.007000 sap.ui.core.theming.ThemeHelper: sap-ui-theme-sap.ui.core: true (noLinkElement: false, sheet: true, innerHtml: false, linkElementFinishedLoading: true) -  
1751897342007	debug	2025-07-07 16:09:02.007100 sap.ui.core.theming.ThemeHelper: sap-ui-theme-sap.fe.placeholder: false (noLinkElement: false, sheet: false, innerHtml: false, linkElementFinishedLoading: false) -  
1751897342007	debug	2025-07-07 16:09:02.007100 ThemeManager: Theme not yet applied. -  
1751897342012	debug	2025-07-07 16:09:02.011699 sap.ui.core.theming.ThemeHelper: sap-ui-theme-sap.ui.core: true (noLinkElement: false, sheet: true, innerHtml: false, linkElementFinishedLoading: true) -  
1751897342012	debug	2025-07-07 16:09:02.011800 sap.ui.core.theming.ThemeHelper: sap-ui-theme-sap.fe.placeholder: false (noLinkElement: false, sheet: false, innerHtml: false, linkElementFinishedLoading: false) -  
1751897342012	debug	2025-07-07 16:09:02.011800 ThemeManager: Theme not yet applied. -  
1751897342016	debug	2025-07-07 16:09:02.016100 sap.ui.core.theming.ThemeHelper: sap-ui-theme-sap.ui.core: true (noLinkElement: false, sheet: true, innerHtml: false, linkElementFinishedLoading: true) -  
1751897342016	debug	2025-07-07 16:09:02.016199 sap.ui.core.theming.ThemeHelper: sap-ui-theme-sap.fe.placeholder: true (noLinkElement: false, sheet: true, innerHtml: false, linkElementFinishedLoading: true) -  
1751897342089	debug	2025-07-07 16:09:02.088500 Analyzing Library sap.fe.navigation -  sap/ui/core/Lib.init
1751897342089	debug	2025-07-07 16:09:02.088600 resolve Dependencies to sap.ui.core -  sap/ui/core/Lib.init
1751897342094	debug	2025-07-07 16:09:02.094500 Class sap.fe.core.controls.AnyElement registered for library sap.fe.core.controls -  
1751897342112	debug	2025-07-07 16:09:02.111900 Class sap.fe.core.controls.DataWatcher registered for library sap.fe.core.controls -  
1751897342224	debug	2025-07-07 16:09:02.223199 Class sap.fe.core.controls.Any registered for library sap.fe.core.controls -  
1751897342380	debug	2025-07-07 16:09:02.380300 Analyzing Library sap.fe.base -  sap/ui/core/Lib.init
1751897342380	debug	2025-07-07 16:09:02.380400 resolve Dependencies to sap.ui.core -  sap/ui/core/Lib.init
1751897343107	debug	2025-07-07 16:09:03.106400 Analyzing Library sap.m -  sap/ui/core/Lib.init
1751897343107	debug	2025-07-07 16:09:03.107199 resolve Dependencies to sap.ui.core -  sap/ui/core/Lib.init
1751897343108	info	2025-07-07 16:09:03.108400 Including http://localhost:4004/uimodule/resources/sap/m/themes/sap_horizon/library.css?version=1.136.1 -  sap.ui.core.theming.ThemeManager.includeLibraryTheme() -  
1751897343109	debug	2025-07-07 16:09:03.108600 sap.ui.core.theming.ThemeHelper: sap-ui-theme-sap.ui.core: true (noLinkElement: false, sheet: true, innerHtml: false, linkElementFinishedLoading: true) -  
1751897343109	debug	2025-07-07 16:09:03.108699 sap.ui.core.theming.ThemeHelper: sap-ui-theme-sap.fe.placeholder: true (noLinkElement: false, sheet: true, innerHtml: false, linkElementFinishedLoading: true) -  
1751897343109	debug	2025-07-07 16:09:03.108699 sap.ui.core.theming.ThemeHelper: sap-ui-theme-sap.m: false (noLinkElement: false, sheet: false, innerHtml: false, linkElementFinishedLoading: false) -  
1751897343109	debug	2025-07-07 16:09:03.108699 ThemeManager: Theme not yet applied. -  
1751897343114	debug	2025-07-07 16:09:03.110800 sap.ui.core.theming.ThemeHelper: sap-ui-theme-sap.ui.core: true (noLinkElement: false, sheet: true, innerHtml: false, linkElementFinishedLoading: true) -  
1751897343114	debug	2025-07-07 16:09:03.110900 sap.ui.core.theming.ThemeHelper: sap-ui-theme-sap.fe.placeholder: true (noLinkElement: false, sheet: true, innerHtml: false, linkElementFinishedLoading: true) -  
1751897343114	debug	2025-07-07 16:09:03.110900 sap.ui.core.theming.ThemeHelper: sap-ui-theme-sap.m: false (noLinkElement: false, sheet: false, innerHtml: false, linkElementFinishedLoading: false) -  
1751897343114	debug	2025-07-07 16:09:03.110900 ThemeManager: Theme not yet applied. -  
1751897343114	debug	2025-07-07 16:09:03.113800 sap.ui.core.theming.ThemeHelper: sap-ui-theme-sap.ui.core: true (noLinkElement: false, sheet: true, innerHtml: false, linkElementFinishedLoading: true) -  
1751897343114	debug	2025-07-07 16:09:03.113900 sap.ui.core.theming.ThemeHelper: sap-ui-theme-sap.fe.placeholder: true (noLinkElement: false, sheet: true, innerHtml: false, linkElementFinishedLoading: true) -  
1751897343114	debug	2025-07-07 16:09:03.113900 sap.ui.core.theming.ThemeHelper: sap-ui-theme-sap.m: false (noLinkElement: false, sheet: false, innerHtml: false, linkElementFinishedLoading: false) -  
1751897343114	debug	2025-07-07 16:09:03.113900 ThemeManager: Theme not yet applied. -  
1751897343116	debug	2025-07-07 16:09:03.116100 sap.ui.core.theming.ThemeHelper: sap-ui-theme-sap.ui.core: true (noLinkElement: false, sheet: true, innerHtml: false, linkElementFinishedLoading: true) -  
1751897343117	debug	2025-07-07 16:09:03.116199 sap.ui.core.theming.ThemeHelper: sap-ui-theme-sap.fe.placeholder: true (noLinkElement: false, sheet: true, innerHtml: false, linkElementFinishedLoading: true) -  
1751897343117	debug	2025-07-07 16:09:03.116199 sap.ui.core.theming.ThemeHelper: sap-ui-theme-sap.m: false (noLinkElement: false, sheet: false, innerHtml: false, linkElementFinishedLoading: false) -  
1751897343117	debug	2025-07-07 16:09:03.116300 ThemeManager: Theme not yet applied. -  
1751897343118	debug	2025-07-07 16:09:03.118800 sap.ui.core.theming.ThemeHelper: sap-ui-theme-sap.ui.core: true (noLinkElement: false, sheet: true, innerHtml: false, linkElementFinishedLoading: true) -  
1751897343118	debug	2025-07-07 16:09:03.118800 sap.ui.core.theming.ThemeHelper: sap-ui-theme-sap.fe.placeholder: true (noLinkElement: false, sheet: true, innerHtml: false, linkElementFinishedLoading: true) -  
1751897343118	debug	2025-07-07 16:09:03.118900 sap.ui.core.theming.ThemeHelper: sap-ui-theme-sap.m: false (noLinkElement: false, sheet: false, innerHtml: false, linkElementFinishedLoading: false) -  
1751897343118	debug	2025-07-07 16:09:03.118900 ThemeManager: Theme not yet applied. -  
1751897343121	debug	2025-07-07 16:09:03.121100 sap.ui.core.theming.ThemeHelper: sap-ui-theme-sap.ui.core: true (noLinkElement: false, sheet: true, innerHtml: false, linkElementFinishedLoading: true) -  
1751897343121	debug	2025-07-07 16:09:03.121199 sap.ui.core.theming.ThemeHelper: sap-ui-theme-sap.fe.placeholder: true (noLinkElement: false, sheet: true, innerHtml: false, linkElementFinishedLoading: true) -  
1751897343121	debug	2025-07-07 16:09:03.121199 sap.ui.core.theming.ThemeHelper: sap-ui-theme-sap.m: false (noLinkElement: false, sheet: false, innerHtml: false, linkElementFinishedLoading: false) -  
1751897343121	debug	2025-07-07 16:09:03.121199 ThemeManager: Theme not yet applied. -  
1751897343123	debug	2025-07-07 16:09:03.123500 sap.ui.core.theming.ThemeHelper: sap-ui-theme-sap.ui.core: true (noLinkElement: false, sheet: true, innerHtml: false, linkElementFinishedLoading: true) -  
1751897343123	debug	2025-07-07 16:09:03.123500 sap.ui.core.theming.ThemeHelper: sap-ui-theme-sap.fe.placeholder: true (noLinkElement: false, sheet: true, innerHtml: false, linkElementFinishedLoading: true) -  
1751897343123	debug	2025-07-07 16:09:03.123600 sap.ui.core.theming.ThemeHelper: sap-ui-theme-sap.m: false (noLinkElement: false, sheet: false, innerHtml: false, linkElementFinishedLoading: false) -  
1751897343123	debug	2025-07-07 16:09:03.123600 ThemeManager: Theme not yet applied. -  
1751897343128	debug	2025-07-07 16:09:03.128199 sap.ui.core.theming.ThemeHelper: sap-ui-theme-sap.ui.core: true (noLinkElement: false, sheet: true, innerHtml: false, linkElementFinishedLoading: true) -  
1751897343128	debug	2025-07-07 16:09:03.128300 sap.ui.core.theming.ThemeHelper: sap-ui-theme-sap.fe.placeholder: true (noLinkElement: false, sheet: true, innerHtml: false, linkElementFinishedLoading: true) -  
1751897343128	debug	2025-07-07 16:09:03.128400 sap.ui.core.theming.ThemeHelper: sap-ui-theme-sap.m: false (noLinkElement: false, sheet: false, innerHtml: false, linkElementFinishedLoading: false) -  
1751897343128	debug	2025-07-07 16:09:03.128400 ThemeManager: Theme not yet applied. -  
1751897343133	debug	2025-07-07 16:09:03.132900 sap.ui.core.theming.ThemeHelper: sap-ui-theme-sap.ui.core: true (noLinkElement: false, sheet: true, innerHtml: false, linkElementFinishedLoading: true) -  
1751897343133	debug	2025-07-07 16:09:03.133000 sap.ui.core.theming.ThemeHelper: sap-ui-theme-sap.fe.placeholder: true (noLinkElement: false, sheet: true, innerHtml: false, linkElementFinishedLoading: true) -  
1751897343133	debug	2025-07-07 16:09:03.133000 sap.ui.core.theming.ThemeHelper: sap-ui-theme-sap.m: false (noLinkElement: false, sheet: false, innerHtml: false, linkElementFinishedLoading: false) -  
1751897343133	debug	2025-07-07 16:09:03.133000 ThemeManager: Theme not yet applied. -  
1751897343137	debug	2025-07-07 16:09:03.137600 sap.ui.core.theming.ThemeHelper: sap-ui-theme-sap.ui.core: true (noLinkElement: false, sheet: true, innerHtml: false, linkElementFinishedLoading: true) -  
1751897343138	debug	2025-07-07 16:09:03.137699 sap.ui.core.theming.ThemeHelper: sap-ui-theme-sap.fe.placeholder: true (noLinkElement: false, sheet: true, innerHtml: false, linkElementFinishedLoading: true) -  
1751897343138	debug	2025-07-07 16:09:03.137699 sap.ui.core.theming.ThemeHelper: sap-ui-theme-sap.m: false (noLinkElement: false, sheet: false, innerHtml: false, linkElementFinishedLoading: false) -  
1751897343138	debug	2025-07-07 16:09:03.137699 ThemeManager: Theme not yet applied. -  
1751897343142	debug	2025-07-07 16:09:03.142400 sap.ui.core.theming.ThemeHelper: sap-ui-theme-sap.ui.core: true (noLinkElement: false, sheet: true, innerHtml: false, linkElementFinishedLoading: true) -  
1751897343142	debug	2025-07-07 16:09:03.142500 sap.ui.core.theming.ThemeHelper: sap-ui-theme-sap.fe.placeholder: true (noLinkElement: false, sheet: true, innerHtml: false, linkElementFinishedLoading: true) -  
1751897343142	debug	2025-07-07 16:09:03.142500 sap.ui.core.theming.ThemeHelper: sap-ui-theme-sap.m: false (noLinkElement: false, sheet: false, innerHtml: false, linkElementFinishedLoading: false) -  
1751897343142	debug	2025-07-07 16:09:03.142500 ThemeManager: Theme not yet applied. -  
1751897343147	debug	2025-07-07 16:09:03.147199 sap.ui.core.theming.ThemeHelper: sap-ui-theme-sap.ui.core: true (noLinkElement: false, sheet: true, innerHtml: false, linkElementFinishedLoading: true) -  
1751897343147	debug	2025-07-07 16:09:03.147199 sap.ui.core.theming.ThemeHelper: sap-ui-theme-sap.fe.placeholder: true (noLinkElement: false, sheet: true, innerHtml: false, linkElementFinishedLoading: true) -  
1751897343147	debug	2025-07-07 16:09:03.147300 sap.ui.core.theming.ThemeHelper: sap-ui-theme-sap.m: false (noLinkElement: false, sheet: false, innerHtml: false, linkElementFinishedLoading: false) -  
1751897343147	debug	2025-07-07 16:09:03.147300 ThemeManager: Theme not yet applied. -  
1751897343152	debug	2025-07-07 16:09:03.152000 sap.ui.core.theming.ThemeHelper: sap-ui-theme-sap.ui.core: true (noLinkElement: false, sheet: true, innerHtml: false, linkElementFinishedLoading: true) -  
1751897343152	debug	2025-07-07 16:09:03.152000 sap.ui.core.theming.ThemeHelper: sap-ui-theme-sap.fe.placeholder: true (noLinkElement: false, sheet: true, innerHtml: false, linkElementFinishedLoading: true) -  
1751897343152	debug	2025-07-07 16:09:03.152100 sap.ui.core.theming.ThemeHelper: sap-ui-theme-sap.m: false (noLinkElement: false, sheet: false, innerHtml: false, linkElementFinishedLoading: false) -  
1751897343152	debug	2025-07-07 16:09:03.152100 ThemeManager: Theme not yet applied. -  
1751897343156	debug	2025-07-07 16:09:03.156800 sap.ui.core.theming.ThemeHelper: sap-ui-theme-sap.ui.core: true (noLinkElement: false, sheet: true, innerHtml: false, linkElementFinishedLoading: true) -  
1751897343157	debug	2025-07-07 16:09:03.156800 sap.ui.core.theming.ThemeHelper: sap-ui-theme-sap.fe.placeholder: true (noLinkElement: false, sheet: true, innerHtml: false, linkElementFinishedLoading: true) -  
1751897343157	debug	2025-07-07 16:09:03.156800 sap.ui.core.theming.ThemeHelper: sap-ui-theme-sap.m: false (noLinkElement: false, sheet: false, innerHtml: false, linkElementFinishedLoading: false) -  
1751897343157	debug	2025-07-07 16:09:03.156800 ThemeManager: Theme not yet applied. -  
1751897343161	debug	2025-07-07 16:09:03.161500 sap.ui.core.theming.ThemeHelper: sap-ui-theme-sap.ui.core: true (noLinkElement: false, sheet: true, innerHtml: false, linkElementFinishedLoading: true) -  
1751897343161	debug	2025-07-07 16:09:03.161600 sap.ui.core.theming.ThemeHelper: sap-ui-theme-sap.fe.placeholder: true (noLinkElement: false, sheet: true, innerHtml: false, linkElementFinishedLoading: true) -  
1751897343161	debug	2025-07-07 16:09:03.161600 sap.ui.core.theming.ThemeHelper: sap-ui-theme-sap.m: false (noLinkElement: false, sheet: false, innerHtml: false, linkElementFinishedLoading: false) -  
1751897343161	debug	2025-07-07 16:09:03.161600 ThemeManager: Theme not yet applied. -  
1751897343166	debug	2025-07-07 16:09:03.166100 sap.ui.core.theming.ThemeHelper: sap-ui-theme-sap.ui.core: true (noLinkElement: false, sheet: true, innerHtml: false, linkElementFinishedLoading: true) -  
1751897343166	debug	2025-07-07 16:09:03.166300 sap.ui.core.theming.ThemeHelper: sap-ui-theme-sap.fe.placeholder: true (noLinkElement: false, sheet: true, innerHtml: false, linkElementFinishedLoading: true) -  
1751897343166	debug	2025-07-07 16:09:03.166300 sap.ui.core.theming.ThemeHelper: sap-ui-theme-sap.m: false (noLinkElement: false, sheet: false, innerHtml: false, linkElementFinishedLoading: false) -  
1751897343166	debug	2025-07-07 16:09:03.166300 ThemeManager: Theme not yet applied. -  
1751897343171	debug	2025-07-07 16:09:03.170900 sap.ui.core.theming.ThemeHelper: sap-ui-theme-sap.ui.core: true (noLinkElement: false, sheet: true, innerHtml: false, linkElementFinishedLoading: true) -  
1751897343171	debug	2025-07-07 16:09:03.170900 sap.ui.core.theming.ThemeHelper: sap-ui-theme-sap.fe.placeholder: true (noLinkElement: false, sheet: true, innerHtml: false, linkElementFinishedLoading: true) -  
1751897343171	debug	2025-07-07 16:09:03.171000 sap.ui.core.theming.ThemeHelper: sap-ui-theme-sap.m: false (noLinkElement: false, sheet: false, innerHtml: false, linkElementFinishedLoading: false) -  
1751897343171	debug	2025-07-07 16:09:03.171000 ThemeManager: Theme not yet applied. -  
1751897343175	debug	2025-07-07 16:09:03.175600 sap.ui.core.theming.ThemeHelper: sap-ui-theme-sap.ui.core: true (noLinkElement: false, sheet: true, innerHtml: false, linkElementFinishedLoading: true) -  
1751897343175	debug	2025-07-07 16:09:03.175600 sap.ui.core.theming.ThemeHelper: sap-ui-theme-sap.fe.placeholder: true (noLinkElement: false, sheet: true, innerHtml: false, linkElementFinishedLoading: true) -  
1751897343175	debug	2025-07-07 16:09:03.175699 sap.ui.core.theming.ThemeHelper: sap-ui-theme-sap.m: false (noLinkElement: false, sheet: false, innerHtml: false, linkElementFinishedLoading: false) -  
1751897343175	debug	2025-07-07 16:09:03.175699 ThemeManager: Theme not yet applied. -  
1751897343180	debug	2025-07-07 16:09:03.180300 sap.ui.core.theming.ThemeHelper: sap-ui-theme-sap.ui.core: true (noLinkElement: false, sheet: true, innerHtml: false, linkElementFinishedLoading: true) -  
1751897343180	debug	2025-07-07 16:09:03.180400 sap.ui.core.theming.ThemeHelper: sap-ui-theme-sap.fe.placeholder: true (noLinkElement: false, sheet: true, innerHtml: false, linkElementFinishedLoading: true) -  
1751897343180	debug	2025-07-07 16:09:03.180400 sap.ui.core.theming.ThemeHelper: sap-ui-theme-sap.m: false (noLinkElement: false, sheet: false, innerHtml: false, linkElementFinishedLoading: false) -  
1751897343180	debug	2025-07-07 16:09:03.180400 ThemeManager: Theme not yet applied. -  
1751897343185	debug	2025-07-07 16:09:03.185000 sap.ui.core.theming.ThemeHelper: sap-ui-theme-sap.ui.core: true (noLinkElement: false, sheet: true, innerHtml: false, linkElementFinishedLoading: true) -  
1751897343185	debug	2025-07-07 16:09:03.185100 sap.ui.core.theming.ThemeHelper: sap-ui-theme-sap.fe.placeholder: true (noLinkElement: false, sheet: true, innerHtml: false, linkElementFinishedLoading: true) -  
1751897343185	debug	2025-07-07 16:09:03.185100 sap.ui.core.theming.ThemeHelper: sap-ui-theme-sap.m: false (noLinkElement: false, sheet: false, innerHtml: false, linkElementFinishedLoading: false) -  
1751897343185	debug	2025-07-07 16:09:03.185100 ThemeManager: Theme not yet applied. -  
1751897343189	debug	2025-07-07 16:09:03.189699 sap.ui.core.theming.ThemeHelper: sap-ui-theme-sap.ui.core: true (noLinkElement: false, sheet: true, innerHtml: false, linkElementFinishedLoading: true) -  
1751897343189	debug	2025-07-07 16:09:03.189800 sap.ui.core.theming.ThemeHelper: sap-ui-theme-sap.fe.placeholder: true (noLinkElement: false, sheet: true, innerHtml: false, linkElementFinishedLoading: true) -  
1751897343189	debug	2025-07-07 16:09:03.189800 sap.ui.core.theming.ThemeHelper: sap-ui-theme-sap.m: false (noLinkElement: false, sheet: false, innerHtml: false, linkElementFinishedLoading: false) -  
1751897343189	debug	2025-07-07 16:09:03.189800 ThemeManager: Theme not yet applied. -  
1751897343194	debug	2025-07-07 16:09:03.194400 sap.ui.core.theming.ThemeHelper: sap-ui-theme-sap.ui.core: true (noLinkElement: false, sheet: true, innerHtml: false, linkElementFinishedLoading: true) -  
1751897343194	debug	2025-07-07 16:09:03.194500 sap.ui.core.theming.ThemeHelper: sap-ui-theme-sap.fe.placeholder: true (noLinkElement: false, sheet: true, innerHtml: false, linkElementFinishedLoading: true) -  
1751897343194	debug	2025-07-07 16:09:03.194500 sap.ui.core.theming.ThemeHelper: sap-ui-theme-sap.m: false (noLinkElement: false, sheet: false, innerHtml: false, linkElementFinishedLoading: false) -  
1751897343194	debug	2025-07-07 16:09:03.194500 ThemeManager: Theme not yet applied. -  
1751897343199	debug	2025-07-07 16:09:03.199100 sap.ui.core.theming.ThemeHelper: sap-ui-theme-sap.ui.core: true (noLinkElement: false, sheet: true, innerHtml: false, linkElementFinishedLoading: true) -  
1751897343199	debug	2025-07-07 16:09:03.199199 sap.ui.core.theming.ThemeHelper: sap-ui-theme-sap.fe.placeholder: true (noLinkElement: false, sheet: true, innerHtml: false, linkElementFinishedLoading: true) -  
1751897343199	debug	2025-07-07 16:09:03.199199 sap.ui.core.theming.ThemeHelper: sap-ui-theme-sap.m: false (noLinkElement: false, sheet: false, innerHtml: false, linkElementFinishedLoading: false) -  
1751897343199	debug	2025-07-07 16:09:03.199199 ThemeManager: Theme not yet applied. -  
1751897343204	debug	2025-07-07 16:09:03.203900 sap.ui.core.theming.ThemeHelper: sap-ui-theme-sap.ui.core: true (noLinkElement: false, sheet: true, innerHtml: false, linkElementFinishedLoading: true) -  
1751897343204	debug	2025-07-07 16:09:03.204000 sap.ui.core.theming.ThemeHelper: sap-ui-theme-sap.fe.placeholder: true (noLinkElement: false, sheet: true, innerHtml: false, linkElementFinishedLoading: true) -  
1751897343204	debug	2025-07-07 16:09:03.204000 sap.ui.core.theming.ThemeHelper: sap-ui-theme-sap.m: false (noLinkElement: false, sheet: false, innerHtml: false, linkElementFinishedLoading: false) -  
1751897343204	debug	2025-07-07 16:09:03.204000 ThemeManager: Theme not yet applied. -  
1751897343208	debug	2025-07-07 16:09:03.208699 sap.ui.core.theming.ThemeHelper: sap-ui-theme-sap.ui.core: true (noLinkElement: false, sheet: true, innerHtml: false, linkElementFinishedLoading: true) -  
1751897343208	debug	2025-07-07 16:09:03.208800 sap.ui.core.theming.ThemeHelper: sap-ui-theme-sap.fe.placeholder: true (noLinkElement: false, sheet: true, innerHtml: false, linkElementFinishedLoading: true) -  
1751897343208	debug	2025-07-07 16:09:03.208800 sap.ui.core.theming.ThemeHelper: sap-ui-theme-sap.m: false (noLinkElement: false, sheet: false, innerHtml: false, linkElementFinishedLoading: false) -  
1751897343208	debug	2025-07-07 16:09:03.208800 ThemeManager: Theme not yet applied. -  
1751897343213	debug	2025-07-07 16:09:03.213400 sap.ui.core.theming.ThemeHelper: sap-ui-theme-sap.ui.core: true (noLinkElement: false, sheet: true, innerHtml: false, linkElementFinishedLoading: true) -  
1751897343213	debug	2025-07-07 16:09:03.213400 sap.ui.core.theming.ThemeHelper: sap-ui-theme-sap.fe.placeholder: true (noLinkElement: false, sheet: true, innerHtml: false, linkElementFinishedLoading: true) -  
1751897343213	debug	2025-07-07 16:09:03.213500 sap.ui.core.theming.ThemeHelper: sap-ui-theme-sap.m: false (noLinkElement: false, sheet: false, innerHtml: false, linkElementFinishedLoading: false) -  
1751897343213	debug	2025-07-07 16:09:03.213600 ThemeManager: Theme not yet applied. -  
1751897343218	debug	2025-07-07 16:09:03.218199 sap.ui.core.theming.ThemeHelper: sap-ui-theme-sap.ui.core: true (noLinkElement: false, sheet: true, innerHtml: false, linkElementFinishedLoading: true) -  
1751897343218	debug	2025-07-07 16:09:03.218300 sap.ui.core.theming.ThemeHelper: sap-ui-theme-sap.fe.placeholder: true (noLinkElement: false, sheet: true, innerHtml: false, linkElementFinishedLoading: true) -  
1751897343218	debug	2025-07-07 16:09:03.218300 sap.ui.core.theming.ThemeHelper: sap-ui-theme-sap.m: false (noLinkElement: false, sheet: false, innerHtml: false, linkElementFinishedLoading: false) -  
1751897343218	debug	2025-07-07 16:09:03.218300 ThemeManager: Theme not yet applied. -  
1751897343222	debug	2025-07-07 16:09:03.222900 sap.ui.core.theming.ThemeHelper: sap-ui-theme-sap.ui.core: true (noLinkElement: false, sheet: true, innerHtml: false, linkElementFinishedLoading: true) -  
1751897343223	debug	2025-07-07 16:09:03.223000 sap.ui.core.theming.ThemeHelper: sap-ui-theme-sap.fe.placeholder: true (noLinkElement: false, sheet: true, innerHtml: false, linkElementFinishedLoading: true) -  
1751897343223	debug	2025-07-07 16:09:03.223000 sap.ui.core.theming.ThemeHelper: sap-ui-theme-sap.m: false (noLinkElement: false, sheet: false, innerHtml: false, linkElementFinishedLoading: false) -  
1751897343223	debug	2025-07-07 16:09:03.223000 ThemeManager: Theme not yet applied. -  
1751897343227	debug	2025-07-07 16:09:03.227600 sap.ui.core.theming.ThemeHelper: sap-ui-theme-sap.ui.core: true (noLinkElement: false, sheet: true, innerHtml: false, linkElementFinishedLoading: true) -  
1751897343227	debug	2025-07-07 16:09:03.227600 sap.ui.core.theming.ThemeHelper: sap-ui-theme-sap.fe.placeholder: true (noLinkElement: false, sheet: true, innerHtml: false, linkElementFinishedLoading: true) -  
1751897343227	debug	2025-07-07 16:09:03.227699 sap.ui.core.theming.ThemeHelper: sap-ui-theme-sap.m: false (noLinkElement: false, sheet: false, innerHtml: false, linkElementFinishedLoading: false) -  
1751897343227	debug	2025-07-07 16:09:03.227699 ThemeManager: Theme not yet applied. -  
1751897343232	debug	2025-07-07 16:09:03.232300 sap.ui.core.theming.ThemeHelper: sap-ui-theme-sap.ui.core: true (noLinkElement: false, sheet: true, innerHtml: false, linkElementFinishedLoading: true) -  
1751897343232	debug	2025-07-07 16:09:03.232400 sap.ui.core.theming.ThemeHelper: sap-ui-theme-sap.fe.placeholder: true (noLinkElement: false, sheet: true, innerHtml: false, linkElementFinishedLoading: true) -  
1751897343232	debug	2025-07-07 16:09:03.232500 sap.ui.core.theming.ThemeHelper: sap-ui-theme-sap.m: false (noLinkElement: false, sheet: false, innerHtml: false, linkElementFinishedLoading: false) -  
1751897343232	debug	2025-07-07 16:09:03.232500 ThemeManager: Theme not yet applied. -  
1751897343236	debug	2025-07-07 16:09:03.236800 sap.ui.core.theming.ThemeHelper: sap-ui-theme-sap.ui.core: true (noLinkElement: false, sheet: true, innerHtml: false, linkElementFinishedLoading: true) -  
1751897343236	debug	2025-07-07 16:09:03.236900 sap.ui.core.theming.ThemeHelper: sap-ui-theme-sap.fe.placeholder: true (noLinkElement: false, sheet: true, innerHtml: false, linkElementFinishedLoading: true) -  
1751897343237	debug	2025-07-07 16:09:03.236900 sap.ui.core.theming.ThemeHelper: sap-ui-theme-sap.m: false (noLinkElement: false, sheet: false, innerHtml: false, linkElementFinishedLoading: false) -  
1751897343237	debug	2025-07-07 16:09:03.236900 ThemeManager: Theme not yet applied. -  
1751897343241	debug	2025-07-07 16:09:03.241000 sap.ui.core.theming.ThemeHelper: sap-ui-theme-sap.ui.core: true (noLinkElement: false, sheet: true, innerHtml: false, linkElementFinishedLoading: true) -  
1751897343241	debug	2025-07-07 16:09:03.241100 sap.ui.core.theming.ThemeHelper: sap-ui-theme-sap.fe.placeholder: true (noLinkElement: false, sheet: true, innerHtml: false, linkElementFinishedLoading: true) -  
1751897343241	debug	2025-07-07 16:09:03.241100 sap.ui.core.theming.ThemeHelper: sap-ui-theme-sap.m: false (noLinkElement: false, sheet: false, innerHtml: false, linkElementFinishedLoading: false) -  
1751897343241	debug	2025-07-07 16:09:03.241100 ThemeManager: Theme not yet applied. -  
1751897343245	debug	2025-07-07 16:09:03.245699 sap.ui.core.theming.ThemeHelper: sap-ui-theme-sap.ui.core: true (noLinkElement: false, sheet: true, innerHtml: false, linkElementFinishedLoading: true) -  
1751897343245	debug	2025-07-07 16:09:03.245699 sap.ui.core.theming.ThemeHelper: sap-ui-theme-sap.fe.placeholder: true (noLinkElement: false, sheet: true, innerHtml: false, linkElementFinishedLoading: true) -  
1751897343245	debug	2025-07-07 16:09:03.245800 sap.ui.core.theming.ThemeHelper: sap-ui-theme-sap.m: false (noLinkElement: false, sheet: false, innerHtml: false, linkElementFinishedLoading: false) -  
1751897343245	debug	2025-07-07 16:09:03.245800 ThemeManager: Theme not yet applied. -  
1751897343250	debug	2025-07-07 16:09:03.250400 sap.ui.core.theming.ThemeHelper: sap-ui-theme-sap.ui.core: true (noLinkElement: false, sheet: true, innerHtml: false, linkElementFinishedLoading: true) -  
1751897343250	debug	2025-07-07 16:09:03.250500 sap.ui.core.theming.ThemeHelper: sap-ui-theme-sap.fe.placeholder: true (noLinkElement: false, sheet: true, innerHtml: false, linkElementFinishedLoading: true) -  
1751897343250	debug	2025-07-07 16:09:03.250500 sap.ui.core.theming.ThemeHelper: sap-ui-theme-sap.m: false (noLinkElement: false, sheet: false, innerHtml: false, linkElementFinishedLoading: false) -  
1751897343250	debug	2025-07-07 16:09:03.250500 ThemeManager: Theme not yet applied. -  
1751897343255	debug	2025-07-07 16:09:03.255199 sap.ui.core.theming.ThemeHelper: sap-ui-theme-sap.ui.core: true (noLinkElement: false, sheet: true, innerHtml: false, linkElementFinishedLoading: true) -  
1751897343255	debug	2025-07-07 16:09:03.255300 sap.ui.core.theming.ThemeHelper: sap-ui-theme-sap.fe.placeholder: true (noLinkElement: false, sheet: true, innerHtml: false, linkElementFinishedLoading: true) -  
1751897343255	debug	2025-07-07 16:09:03.255300 sap.ui.core.theming.ThemeHelper: sap-ui-theme-sap.m: false (noLinkElement: false, sheet: false, innerHtml: false, linkElementFinishedLoading: false) -  
1751897343255	debug	2025-07-07 16:09:03.255300 ThemeManager: Theme not yet applied. -  
1751897343260	debug	2025-07-07 16:09:03.259900 sap.ui.core.theming.ThemeHelper: sap-ui-theme-sap.ui.core: true (noLinkElement: false, sheet: true, innerHtml: false, linkElementFinishedLoading: true) -  
1751897343260	debug	2025-07-07 16:09:03.260000 sap.ui.core.theming.ThemeHelper: sap-ui-theme-sap.fe.placeholder: true (noLinkElement: false, sheet: true, innerHtml: false, linkElementFinishedLoading: true) -  
1751897343260	debug	2025-07-07 16:09:03.260100 sap.ui.core.theming.ThemeHelper: sap-ui-theme-sap.m: false (noLinkElement: false, sheet: false, innerHtml: false, linkElementFinishedLoading: false) -  
1751897343260	debug	2025-07-07 16:09:03.260100 ThemeManager: Theme not yet applied. -  
1751897343264	debug	2025-07-07 16:09:03.264199 sap.ui.core.theming.ThemeHelper: sap-ui-theme-sap.ui.core: true (noLinkElement: false, sheet: true, innerHtml: false, linkElementFinishedLoading: true) -  
1751897343264	debug	2025-07-07 16:09:03.264300 sap.ui.core.theming.ThemeHelper: sap-ui-theme-sap.fe.placeholder: true (noLinkElement: false, sheet: true, innerHtml: false, linkElementFinishedLoading: true) -  
1751897343264	debug	2025-07-07 16:09:03.264300 sap.ui.core.theming.ThemeHelper: sap-ui-theme-sap.m: false (noLinkElement: false, sheet: false, innerHtml: false, linkElementFinishedLoading: false) -  
1751897343264	debug	2025-07-07 16:09:03.264300 ThemeManager: Theme not yet applied. -  
1751897343269	debug	2025-07-07 16:09:03.268800 sap.ui.core.theming.ThemeHelper: sap-ui-theme-sap.ui.core: true (noLinkElement: false, sheet: true, innerHtml: false, linkElementFinishedLoading: true) -  
1751897343269	debug	2025-07-07 16:09:03.268800 sap.ui.core.theming.ThemeHelper: sap-ui-theme-sap.fe.placeholder: true (noLinkElement: false, sheet: true, innerHtml: false, linkElementFinishedLoading: true) -  
1751897343269	debug	2025-07-07 16:09:03.268900 sap.ui.core.theming.ThemeHelper: sap-ui-theme-sap.m: false (noLinkElement: false, sheet: false, innerHtml: false, linkElementFinishedLoading: false) -  
1751897343269	debug	2025-07-07 16:09:03.268900 ThemeManager: Theme not yet applied. -  
1751897343396	debug	2025-07-07 16:09:03.390000 sap.ui.core.theming.ThemeHelper: sap-ui-theme-sap.ui.core: true (noLinkElement: false, sheet: true, innerHtml: false, linkElementFinishedLoading: true) -  
1751897343396	debug	2025-07-07 16:09:03.390100 sap.ui.core.theming.ThemeHelper: sap-ui-theme-sap.fe.placeholder: true (noLinkElement: false, sheet: true, innerHtml: false, linkElementFinishedLoading: true) -  
1751897343396	debug	2025-07-07 16:09:03.390100 sap.ui.core.theming.ThemeHelper: sap-ui-theme-sap.m: true (noLinkElement: false, sheet: true, innerHtml: false, linkElementFinishedLoading: false) -  
1751897343711	info	2025-07-07 16:09:03.709400 It's not needed to call IconPool.insertFontFaceStyle to insert font-face for the predefined icon font SAP-icons because the font-face is included in the library.css of sap.ui.core -  
1751897343711	debug	2025-07-07 16:09:03.710000 sap.ui.core.theming.ThemeHelper: sap-ui-theme-sap.ui.core: true (noLinkElement: false, sheet: true, innerHtml: false, linkElementFinishedLoading: true) -  
1751897343716	debug	2025-07-07 16:09:03.716699 sap.ui.core.theming.ThemeHelper: sap-ui-theme-sap.fe.placeholder: true (noLinkElement: false, sheet: true, innerHtml: false, linkElementFinishedLoading: true) -  
1751897343716	debug	2025-07-07 16:09:03.716900 sap.ui.core.theming.ThemeHelper: sap-ui-theme-sap.m: true (noLinkElement: false, sheet: true, innerHtml: false, linkElementFinishedLoading: true) -  
1751897343730	debug	2025-07-07 16:09:03.730000 Class sap.ui.core.CommandExecution registered for library sap.ui.core -  
1751897343818	debug	2025-07-07 16:09:03.818199 Class sap.m.MessageListItem registered for library sap.m -  
1751897343822	debug	2025-07-07 16:09:03.820900 Class sap.ui.mdc.valuehelp.base.DialogTab registered for library sap.ui.mdc -  
1751897343866	debug	2025-07-07 16:09:03.866300 Class sap.m.p13n.MessageStrip registered for library sap.m -  
1751897343895	debug	2025-07-07 16:09:03.894500 Class sap.m.Illustration registered for library sap.m -  
1751897343896	debug	2025-07-07 16:09:03.896400 Class sap.fe.base.BuildingBlockBase registered for library sap.fe.base -  
1751897343896	debug	2025-07-07 16:09:03.896800 Class sap.fe.core.buildingBlocks.BuildingBlock registered for library sap.fe.core.buildingBlocks -  
1751897343919	debug	2025-07-07 16:09:03.918900 Class sap.ui.mdc.valuehelp.base.Container registered for library sap.ui.mdc -  
1751897343977	debug	2025-07-07 16:09:03.977400 Class sap.ui.mdc.valuehelp.Dialog registered for library sap.ui.mdc -  
1751897343978	debug	2025-07-07 16:09:03.977900 Class sap.ui.mdc.valuehelp.Popover registered for library sap.ui.mdc -  
1751897343995	debug	2025-07-07 16:09:03.995400 Class sap.ui.mdc.valuehelp.base.Content registered for library sap.ui.mdc -  
1751897343996	debug	2025-07-07 16:09:03.995900 Class sap.ui.mdc.valuehelp.content.Conditions registered for library sap.ui.mdc -  
1751897343996	debug	2025-07-07 16:09:03.996100 Class sap.ui.mdc.valuehelp.base.ListContent registered for library sap.ui.mdc -  
1751897343998	debug	2025-07-07 16:09:03.997600 Class sap.m.p13n.PersistenceProvider registered for library sap.m -  
1751897344041	debug	2025-07-07 16:09:04.041199 Class sap.m.SplitButton registered for library sap.m -  
1751897344042	debug	2025-07-07 16:09:04.041900 Class sap.m._overflowToolbarHelpers.OverflowToolbarAssociativePopover registered for library sap.m -  
1751897344042	debug	2025-07-07 16:09:04.042199 Class sap.m.AssociativeOverflowToolbar registered for library sap.m -  
1751897344044	info	2025-07-07 16:09:04.044199 It's not needed to call IconPool.insertFontFaceStyle to insert font-face for the predefined icon font SAP-icons because the font-face is included in the library.css of sap.ui.core -  
1751897344108	debug	2025-07-07 16:09:04.108000 Class sap.fe.core.controllerextensions.dialog.OperationsDialog registered for library sap.fe.core.controllerextensions.dialog -  
1751897344113	debug	2025-07-07 16:09:04.113100 Analyzing Library sap.fe.core -  sap/ui/core/Lib.init
1751897344113	debug	2025-07-07 16:09:04.113300 resolve Dependencies to sap.ui.core -  sap/ui/core/Lib.init
1751897344113	debug	2025-07-07 16:09:04.113300 resolve Dependencies to sap.fe.base -  sap/ui/core/Lib.init
1751897344113	debug	2025-07-07 16:09:04.113400 resolve Dependencies to sap.fe.navigation -  sap/ui/core/Lib.init
1751897344113	debug	2025-07-07 16:09:04.113400 resolve Dependencies to sap.fe.placeholder -  sap/ui/core/Lib.init
1751897344113	debug	2025-07-07 16:09:04.113500 resolve Dependencies to sap.f -  sap/ui/core/Lib.init
1751897344114	warn	2025-07-07 16:09:04.113500 Dependency from sap.fe.core to sap.f has not been resolved by library itself -  sap/ui/core/Lib.init
1751897344151	debug	2025-07-07 16:09:04.148500 Analyzing Library sap.ui.layout -  sap/ui/core/Lib.init
1751897344151	debug	2025-07-07 16:09:04.148900 resolve Dependencies to sap.ui.core -  sap/ui/core/Lib.init
1751897344151	debug	2025-07-07 16:09:04.149300 Analyzing Library sap.f -  sap/ui/core/Lib.init
1751897344152	debug	2025-07-07 16:09:04.149400 resolve Dependencies to sap.ui.core -  sap/ui/core/Lib.init
1751897344153	debug	2025-07-07 16:09:04.149500 resolve Dependencies to sap.m -  sap/ui/core/Lib.init
1751897344153	debug	2025-07-07 16:09:04.149500 resolve Dependencies to sap.ui.layout -  sap/ui/core/Lib.init
1751897344154	debug	"2025-07-07 16:09:04.150000 Registered on-demand-preprocessor for \"controls\" - sap.ui.core.mvc.View "
1751897344154	info	2025-07-07 16:09:04.150100 Including http://localhost:4004/uimodule/resources/sap/ui/layout/themes/sap_horizon/library.css?version=1.136.1 -  sap.ui.core.theming.ThemeManager.includeLibraryTheme() -  
1751897344154	debug	2025-07-07 16:09:04.150300 sap.ui.core.theming.ThemeHelper: sap-ui-theme-sap.ui.core: true (noLinkElement: false, sheet: true, innerHtml: false, linkElementFinishedLoading: true) -  
1751897344154	debug	2025-07-07 16:09:04.150400 sap.ui.core.theming.ThemeHelper: sap-ui-theme-sap.fe.placeholder: true (noLinkElement: false, sheet: true, innerHtml: false, linkElementFinishedLoading: true) -  
1751897344154	debug	2025-07-07 16:09:04.150400 sap.ui.core.theming.ThemeHelper: sap-ui-theme-sap.m: true (noLinkElement: false, sheet: true, innerHtml: false, linkElementFinishedLoading: true) -  
1751897344154	debug	2025-07-07 16:09:04.150400 sap.ui.core.theming.ThemeHelper: sap-ui-theme-sap.ui.layout: false (noLinkElement: false, sheet: false, innerHtml: false, linkElementFinishedLoading: false) -  
1751897344155	debug	2025-07-07 16:09:04.150500 ThemeManager: Theme not yet applied. -  
1751897344155	info	2025-07-07 16:09:04.150500 Including http://localhost:4004/uimodule/resources/sap/f/themes/sap_horizon/library.css?version=1.136.1 -  sap.ui.core.theming.ThemeManager.includeLibraryTheme() -  
1751897344155	debug	2025-07-07 16:09:04.150600 sap.ui.core.theming.ThemeHelper: sap-ui-theme-sap.ui.core: true (noLinkElement: false, sheet: true, innerHtml: false, linkElementFinishedLoading: true) -  
1751897344155	debug	2025-07-07 16:09:04.150600 sap.ui.core.theming.ThemeHelper: sap-ui-theme-sap.fe.placeholder: true (noLinkElement: false, sheet: true, innerHtml: false, linkElementFinishedLoading: true) -  
1751897344155	debug	2025-07-07 16:09:04.150699 sap.ui.core.theming.ThemeHelper: sap-ui-theme-sap.m: true (noLinkElement: false, sheet: true, innerHtml: false, linkElementFinishedLoading: true) -  
1751897344156	debug	2025-07-07 16:09:04.150699 sap.ui.core.theming.ThemeHelper: sap-ui-theme-sap.ui.layout: false (noLinkElement: false, sheet: false, innerHtml: false, linkElementFinishedLoading: false) -  
1751897344156	debug	2025-07-07 16:09:04.150800 sap.ui.core.theming.ThemeHelper: sap-ui-theme-sap.f: false (noLinkElement: false, sheet: false, innerHtml: false, linkElementFinishedLoading: false) -  
1751897344156	debug	2025-07-07 16:09:04.150800 ThemeManager: Theme not yet applied. -  
1751897344185	debug	2025-07-07 16:09:04.156600 sap.ui.core.theming.ThemeHelper: sap-ui-theme-sap.ui.core: true (noLinkElement: false, sheet: true, innerHtml: false, linkElementFinishedLoading: true) -  
1751897344186	debug	2025-07-07 16:09:04.156800 sap.ui.core.theming.ThemeHelper: sap-ui-theme-sap.fe.placeholder: true (noLinkElement: false, sheet: true, innerHtml: false, linkElementFinishedLoading: true) -  
1751897344186	debug	2025-07-07 16:09:04.156900 sap.ui.core.theming.ThemeHelper: sap-ui-theme-sap.m: true (noLinkElement: false, sheet: true, innerHtml: false, linkElementFinishedLoading: true) -  
1751897344186	debug	2025-07-07 16:09:04.157000 sap.ui.core.theming.ThemeHelper: sap-ui-theme-sap.ui.layout: false (noLinkElement: false, sheet: false, innerHtml: false, linkElementFinishedLoading: false) -  
1751897344186	debug	2025-07-07 16:09:04.157000 sap.ui.core.theming.ThemeHelper: sap-ui-theme-sap.f: false (noLinkElement: false, sheet: false, innerHtml: false, linkElementFinishedLoading: false) -  
1751897344186	debug	2025-07-07 16:09:04.157100 ThemeManager: Theme not yet applied. -  
1751897344189	debug	2025-07-07 16:09:04.159600 sap.ui.core.theming.ThemeHelper: sap-ui-theme-sap.ui.core: true (noLinkElement: false, sheet: true, innerHtml: false, linkElementFinishedLoading: true) -  
1751897344189	debug	2025-07-07 16:09:04.159600 sap.ui.core.theming.ThemeHelper: sap-ui-theme-sap.fe.placeholder: true (noLinkElement: false, sheet: true, innerHtml: false, linkElementFinishedLoading: true) -  
1751897344189	debug	2025-07-07 16:09:04.159699 sap.ui.core.theming.ThemeHelper: sap-ui-theme-sap.m: true (noLinkElement: false, sheet: true, innerHtml: false, linkElementFinishedLoading: true) -  
1751897344189	debug	2025-07-07 16:09:04.159699 sap.ui.core.theming.ThemeHelper: sap-ui-theme-sap.ui.layout: false (noLinkElement: false, sheet: false, innerHtml: false, linkElementFinishedLoading: false) -  
1751897344191	debug	2025-07-07 16:09:04.159699 sap.ui.core.theming.ThemeHelper: sap-ui-theme-sap.f: false (noLinkElement: false, sheet: false, innerHtml: false, linkElementFinishedLoading: false) -  
1751897344191	debug	2025-07-07 16:09:04.159699 ThemeManager: Theme not yet applied. -  
1751897344191	debug	2025-07-07 16:09:04.162199 sap.ui.core.theming.ThemeHelper: sap-ui-theme-sap.ui.core: true (noLinkElement: false, sheet: true, innerHtml: false, linkElementFinishedLoading: true) -  
1751897344191	debug	2025-07-07 16:09:04.162400 sap.ui.core.theming.ThemeHelper: sap-ui-theme-sap.fe.placeholder: true (noLinkElement: false, sheet: true, innerHtml: false, linkElementFinishedLoading: true) -  
1751897344191	debug	2025-07-07 16:09:04.162500 sap.ui.core.theming.ThemeHelper: sap-ui-theme-sap.m: true (noLinkElement: false, sheet: true, innerHtml: false, linkElementFinishedLoading: true) -  
1751897344191	debug	2025-07-07 16:09:04.162500 sap.ui.core.theming.ThemeHelper: sap-ui-theme-sap.ui.layout: false (noLinkElement: false, sheet: false, innerHtml: false, linkElementFinishedLoading: false) -  
1751897344191	debug	2025-07-07 16:09:04.162600 sap.ui.core.theming.ThemeHelper: sap-ui-theme-sap.f: false (noLinkElement: false, sheet: false, innerHtml: false, linkElementFinishedLoading: false) -  
1751897344192	debug	2025-07-07 16:09:04.162600 ThemeManager: Theme not yet applied. -  
1751897344192	debug	2025-07-07 16:09:04.165100 sap.ui.core.theming.ThemeHelper: sap-ui-theme-sap.ui.core: true (noLinkElement: false, sheet: true, innerHtml: false, linkElementFinishedLoading: true) -  
1751897344192	debug	2025-07-07 16:09:04.165300 sap.ui.core.theming.ThemeHelper: sap-ui-theme-sap.fe.placeholder: true (noLinkElement: false, sheet: true, innerHtml: false, linkElementFinishedLoading: true) -  
1751897344192	debug	2025-07-07 16:09:04.165300 sap.ui.core.theming.ThemeHelper: sap-ui-theme-sap.m: true (noLinkElement: false, sheet: true, innerHtml: false, linkElementFinishedLoading: true) -  
1751897344192	debug	2025-07-07 16:09:04.165500 sap.ui.core.theming.ThemeHelper: sap-ui-theme-sap.ui.layout: false (noLinkElement: false, sheet: false, innerHtml: false, linkElementFinishedLoading: false) -  
1751897344192	debug	2025-07-07 16:09:04.165500 sap.ui.core.theming.ThemeHelper: sap-ui-theme-sap.f: false (noLinkElement: false, sheet: false, innerHtml: false, linkElementFinishedLoading: false) -  
1751897344192	debug	2025-07-07 16:09:04.165500 ThemeManager: Theme not yet applied. -  
1751897344192	debug	2025-07-07 16:09:04.167800 sap.ui.core.theming.ThemeHelper: sap-ui-theme-sap.ui.core: true (noLinkElement: false, sheet: true, innerHtml: false, linkElementFinishedLoading: true) -  
1751897344192	debug	2025-07-07 16:09:04.168000 sap.ui.core.theming.ThemeHelper: sap-ui-theme-sap.fe.placeholder: true (noLinkElement: false, sheet: true, innerHtml: false, linkElementFinishedLoading: true) -  
1751897344192	debug	2025-07-07 16:09:04.168000 sap.ui.core.theming.ThemeHelper: sap-ui-theme-sap.m: true (noLinkElement: false, sheet: true, innerHtml: false, linkElementFinishedLoading: true) -  
1751897344192	debug	2025-07-07 16:09:04.168000 sap.ui.core.theming.ThemeHelper: sap-ui-theme-sap.ui.layout: false (noLinkElement: false, sheet: false, innerHtml: false, linkElementFinishedLoading: false) -  
1751897344192	debug	2025-07-07 16:09:04.168100 sap.ui.core.theming.ThemeHelper: sap-ui-theme-sap.f: false (noLinkElement: false, sheet: false, innerHtml: false, linkElementFinishedLoading: false) -  
1751897344193	debug	2025-07-07 16:09:04.168100 ThemeManager: Theme not yet applied. -  
1751897344193	debug	2025-07-07 16:09:04.170400 sap.ui.core.theming.ThemeHelper: sap-ui-theme-sap.ui.core: true (noLinkElement: false, sheet: true, innerHtml: false, linkElementFinishedLoading: true) -  
1751897344193	debug	2025-07-07 16:09:04.170600 sap.ui.core.theming.ThemeHelper: sap-ui-theme-sap.fe.placeholder: true (noLinkElement: false, sheet: true, innerHtml: false, linkElementFinishedLoading: true) -  
1751897344193	debug	2025-07-07 16:09:04.170600 sap.ui.core.theming.ThemeHelper: sap-ui-theme-sap.m: true (noLinkElement: false, sheet: true, innerHtml: false, linkElementFinishedLoading: true) -  
1751897344193	debug	2025-07-07 16:09:04.170699 sap.ui.core.theming.ThemeHelper: sap-ui-theme-sap.ui.layout: false (noLinkElement: false, sheet: false, innerHtml: false, linkElementFinishedLoading: false) -  
1751897344193	debug	2025-07-07 16:09:04.170699 sap.ui.core.theming.ThemeHelper: sap-ui-theme-sap.f: false (noLinkElement: false, sheet: false, innerHtml: false, linkElementFinishedLoading: false) -  
1751897344193	debug	2025-07-07 16:09:04.170699 ThemeManager: Theme not yet applied. -  
1751897344193	debug	2025-07-07 16:09:04.174900 sap.ui.core.theming.ThemeHelper: sap-ui-theme-sap.ui.core: true (noLinkElement: false, sheet: true, innerHtml: false, linkElementFinishedLoading: true) -  
1751897344193	debug	2025-07-07 16:09:04.175100 sap.ui.core.theming.ThemeHelper: sap-ui-theme-sap.fe.placeholder: true (noLinkElement: false, sheet: true, innerHtml: false, linkElementFinishedLoading: true) -  
1751897344193	debug	2025-07-07 16:09:04.175199 sap.ui.core.theming.ThemeHelper: sap-ui-theme-sap.m: true (noLinkElement: false, sheet: true, innerHtml: false, linkElementFinishedLoading: true) -  
1751897344193	debug	2025-07-07 16:09:04.175199 sap.ui.core.theming.ThemeHelper: sap-ui-theme-sap.ui.layout: false (noLinkElement: false, sheet: false, innerHtml: false, linkElementFinishedLoading: false) -  
1751897344193	debug	2025-07-07 16:09:04.175300 sap.ui.core.theming.ThemeHelper: sap-ui-theme-sap.f: false (noLinkElement: false, sheet: false, innerHtml: false, linkElementFinishedLoading: false) -  
1751897344193	debug	2025-07-07 16:09:04.175400 ThemeManager: Theme not yet applied. -  
1751897344193	debug	2025-07-07 16:09:04.180199 sap.ui.core.theming.ThemeHelper: sap-ui-theme-sap.ui.core: true (noLinkElement: false, sheet: true, innerHtml: false, linkElementFinishedLoading: true) -  
1751897344194	debug	2025-07-07 16:09:04.180300 sap.ui.core.theming.ThemeHelper: sap-ui-theme-sap.fe.placeholder: true (noLinkElement: false, sheet: true, innerHtml: false, linkElementFinishedLoading: true) -  
1751897344194	debug	2025-07-07 16:09:04.180400 sap.ui.core.theming.ThemeHelper: sap-ui-theme-sap.m: true (noLinkElement: false, sheet: true, innerHtml: false, linkElementFinishedLoading: true) -  
1751897344194	debug	2025-07-07 16:09:04.180400 sap.ui.core.theming.ThemeHelper: sap-ui-theme-sap.ui.layout: false (noLinkElement: false, sheet: false, innerHtml: false, linkElementFinishedLoading: false) -  
1751897344194	debug	2025-07-07 16:09:04.180400 sap.ui.core.theming.ThemeHelper: sap-ui-theme-sap.f: false (noLinkElement: false, sheet: false, innerHtml: false, linkElementFinishedLoading: false) -  
1751897344194	debug	2025-07-07 16:09:04.180500 ThemeManager: Theme not yet applied. -  
1751897344194	debug	2025-07-07 16:09:04.184600 sap.ui.core.theming.ThemeHelper: sap-ui-theme-sap.ui.core: true (noLinkElement: false, sheet: true, innerHtml: false, linkElementFinishedLoading: true) -  
1751897344194	debug	2025-07-07 16:09:04.184699 sap.ui.core.theming.ThemeHelper: sap-ui-theme-sap.fe.placeholder: true (noLinkElement: false, sheet: true, innerHtml: false, linkElementFinishedLoading: true) -  
1751897344194	debug	2025-07-07 16:09:04.184699 sap.ui.core.theming.ThemeHelper: sap-ui-theme-sap.m: true (noLinkElement: false, sheet: true, innerHtml: false, linkElementFinishedLoading: true) -  
1751897344194	debug	2025-07-07 16:09:04.184800 sap.ui.core.theming.ThemeHelper: sap-ui-theme-sap.ui.layout: false (noLinkElement: false, sheet: false, innerHtml: false, linkElementFinishedLoading: false) -  
1751897344194	debug	2025-07-07 16:09:04.184800 sap.ui.core.theming.ThemeHelper: sap-ui-theme-sap.f: false (noLinkElement: false, sheet: false, innerHtml: false, linkElementFinishedLoading: false) -  
1751897344195	debug	2025-07-07 16:09:04.184800 ThemeManager: Theme not yet applied. -  
1751897344195	debug	2025-07-07 16:09:04.189100 sap.ui.core.theming.ThemeHelper: sap-ui-theme-sap.ui.core: true (noLinkElement: false, sheet: true, innerHtml: false, linkElementFinishedLoading: true) -  
1751897344195	debug	2025-07-07 16:09:04.189199 sap.ui.core.theming.ThemeHelper: sap-ui-theme-sap.fe.placeholder: true (noLinkElement: false, sheet: true, innerHtml: false, linkElementFinishedLoading: true) -  
1751897344195	debug	2025-07-07 16:09:04.189199 sap.ui.core.theming.ThemeHelper: sap-ui-theme-sap.m: true (noLinkElement: false, sheet: true, innerHtml: false, linkElementFinishedLoading: true) -  
1751897344195	debug	2025-07-07 16:09:04.189199 sap.ui.core.theming.ThemeHelper: sap-ui-theme-sap.ui.layout: false (noLinkElement: false, sheet: false, innerHtml: false, linkElementFinishedLoading: false) -  
1751897344195	debug	2025-07-07 16:09:04.189199 sap.ui.core.theming.ThemeHelper: sap-ui-theme-sap.f: false (noLinkElement: false, sheet: false, innerHtml: false, linkElementFinishedLoading: false) -  
1751897344195	debug	2025-07-07 16:09:04.189300 ThemeManager: Theme not yet applied. -  
1751897344195	debug	2025-07-07 16:09:04.193600 sap.ui.core.theming.ThemeHelper: sap-ui-theme-sap.ui.core: true (noLinkElement: false, sheet: true, innerHtml: false, linkElementFinishedLoading: true) -  
1751897344195	debug	2025-07-07 16:09:04.193800 sap.ui.core.theming.ThemeHelper: sap-ui-theme-sap.fe.placeholder: true (noLinkElement: false, sheet: true, innerHtml: false, linkElementFinishedLoading: true) -  
1751897344195	debug	2025-07-07 16:09:04.193800 sap.ui.core.theming.ThemeHelper: sap-ui-theme-sap.m: true (noLinkElement: false, sheet: true, innerHtml: false, linkElementFinishedLoading: true) -  
1751897344195	debug	2025-07-07 16:09:04.193800 sap.ui.core.theming.ThemeHelper: sap-ui-theme-sap.ui.layout: false (noLinkElement: false, sheet: false, innerHtml: false, linkElementFinishedLoading: false) -  
1751897344195	debug	2025-07-07 16:09:04.193800 sap.ui.core.theming.ThemeHelper: sap-ui-theme-sap.f: false (noLinkElement: false, sheet: false, innerHtml: false, linkElementFinishedLoading: false) -  
1751897344196	debug	2025-07-07 16:09:04.193800 ThemeManager: Theme not yet applied. -  
1751897344198	debug	2025-07-07 16:09:04.198000 sap.ui.core.theming.ThemeHelper: sap-ui-theme-sap.ui.core: true (noLinkElement: false, sheet: true, innerHtml: false, linkElementFinishedLoading: true) -  
1751897344198	debug	2025-07-07 16:09:04.198100 sap.ui.core.theming.ThemeHelper: sap-ui-theme-sap.fe.placeholder: true (noLinkElement: false, sheet: true, innerHtml: false, linkElementFinishedLoading: true) -  
1751897344198	debug	2025-07-07 16:09:04.198100 sap.ui.core.theming.ThemeHelper: sap-ui-theme-sap.m: true (noLinkElement: false, sheet: true, innerHtml: false, linkElementFinishedLoading: true) -  
1751897344198	debug	2025-07-07 16:09:04.198199 sap.ui.core.theming.ThemeHelper: sap-ui-theme-sap.ui.layout: false (noLinkElement: false, sheet: false, innerHtml: false, linkElementFinishedLoading: false) -  
1751897344198	debug	2025-07-07 16:09:04.198199 sap.ui.core.theming.ThemeHelper: sap-ui-theme-sap.f: false (noLinkElement: false, sheet: false, innerHtml: false, linkElementFinishedLoading: false) -  
1751897344199	debug	2025-07-07 16:09:04.198199 ThemeManager: Theme not yet applied. -  
1751897344202	debug	2025-07-07 16:09:04.202400 sap.ui.core.theming.ThemeHelper: sap-ui-theme-sap.ui.core: true (noLinkElement: false, sheet: true, innerHtml: false, linkElementFinishedLoading: true) -  
1751897344202	debug	2025-07-07 16:09:04.202400 sap.ui.core.theming.ThemeHelper: sap-ui-theme-sap.fe.placeholder: true (noLinkElement: false, sheet: true, innerHtml: false, linkElementFinishedLoading: true) -  
1751897344202	debug	2025-07-07 16:09:04.202500 sap.ui.core.theming.ThemeHelper: sap-ui-theme-sap.m: true (noLinkElement: false, sheet: true, innerHtml: false, linkElementFinishedLoading: true) -  
1751897344202	debug	2025-07-07 16:09:04.202500 sap.ui.core.theming.ThemeHelper: sap-ui-theme-sap.ui.layout: false (noLinkElement: false, sheet: false, innerHtml: false, linkElementFinishedLoading: false) -  
1751897344202	debug	2025-07-07 16:09:04.202600 sap.ui.core.theming.ThemeHelper: sap-ui-theme-sap.f: false (noLinkElement: false, sheet: false, innerHtml: false, linkElementFinishedLoading: false) -  
1751897344202	debug	2025-07-07 16:09:04.202600 ThemeManager: Theme not yet applied. -  
1751897344207	debug	2025-07-07 16:09:04.206699 sap.ui.core.theming.ThemeHelper: sap-ui-theme-sap.ui.core: true (noLinkElement: false, sheet: true, innerHtml: false, linkElementFinishedLoading: true) -  
1751897344207	debug	2025-07-07 16:09:04.206900 sap.ui.core.theming.ThemeHelper: sap-ui-theme-sap.fe.placeholder: true (noLinkElement: false, sheet: true, innerHtml: false, linkElementFinishedLoading: true) -  
1751897344207	debug	2025-07-07 16:09:04.207100 sap.ui.core.theming.ThemeHelper: sap-ui-theme-sap.m: true (noLinkElement: false, sheet: true, innerHtml: false, linkElementFinishedLoading: true) -  
1751897344207	debug	2025-07-07 16:09:04.207100 sap.ui.core.theming.ThemeHelper: sap-ui-theme-sap.ui.layout: false (noLinkElement: false, sheet: false, innerHtml: false, linkElementFinishedLoading: false) -  
1751897344207	debug	2025-07-07 16:09:04.207100 sap.ui.core.theming.ThemeHelper: sap-ui-theme-sap.f: false (noLinkElement: false, sheet: false, innerHtml: false, linkElementFinishedLoading: false) -  
1751897344207	debug	2025-07-07 16:09:04.207100 ThemeManager: Theme not yet applied. -  
1751897344212	debug	2025-07-07 16:09:04.211800 sap.ui.core.theming.ThemeHelper: sap-ui-theme-sap.ui.core: true (noLinkElement: false, sheet: true, innerHtml: false, linkElementFinishedLoading: true) -  
1751897344212	debug	2025-07-07 16:09:04.211900 sap.ui.core.theming.ThemeHelper: sap-ui-theme-sap.fe.placeholder: true (noLinkElement: false, sheet: true, innerHtml: false, linkElementFinishedLoading: true) -  
1751897344212	debug	2025-07-07 16:09:04.211900 sap.ui.core.theming.ThemeHelper: sap-ui-theme-sap.m: true (noLinkElement: false, sheet: true, innerHtml: false, linkElementFinishedLoading: true) -  
1751897344212	debug	2025-07-07 16:09:04.211900 sap.ui.core.theming.ThemeHelper: sap-ui-theme-sap.ui.layout: false (noLinkElement: false, sheet: false, innerHtml: false, linkElementFinishedLoading: false) -  
1751897344212	debug	2025-07-07 16:09:04.212000 sap.ui.core.theming.ThemeHelper: sap-ui-theme-sap.f: false (noLinkElement: false, sheet: false, innerHtml: false, linkElementFinishedLoading: false) -  
1751897344212	debug	2025-07-07 16:09:04.212000 ThemeManager: Theme not yet applied. -  
1751897344216	debug	2025-07-07 16:09:04.216199 sap.ui.core.theming.ThemeHelper: sap-ui-theme-sap.ui.core: true (noLinkElement: false, sheet: true, innerHtml: false, linkElementFinishedLoading: true) -  
1751897344216	debug	2025-07-07 16:09:04.216300 sap.ui.core.theming.ThemeHelper: sap-ui-theme-sap.fe.placeholder: true (noLinkElement: false, sheet: true, innerHtml: false, linkElementFinishedLoading: true) -  
1751897344216	debug	2025-07-07 16:09:04.216300 sap.ui.core.theming.ThemeHelper: sap-ui-theme-sap.m: true (noLinkElement: false, sheet: true, innerHtml: false, linkElementFinishedLoading: true) -  
1751897344216	debug	2025-07-07 16:09:04.216300 sap.ui.core.theming.ThemeHelper: sap-ui-theme-sap.ui.layout: false (noLinkElement: false, sheet: false, innerHtml: false, linkElementFinishedLoading: false) -  
1751897344216	debug	2025-07-07 16:09:04.216400 sap.ui.core.theming.ThemeHelper: sap-ui-theme-sap.f: false (noLinkElement: false, sheet: false, innerHtml: false, linkElementFinishedLoading: false) -  
1751897344216	debug	2025-07-07 16:09:04.216500 ThemeManager: Theme not yet applied. -  
1751897344221	debug	2025-07-07 16:09:04.220800 sap.ui.core.theming.ThemeHelper: sap-ui-theme-sap.ui.core: true (noLinkElement: false, sheet: true, innerHtml: false, linkElementFinishedLoading: true) -  
1751897344221	debug	2025-07-07 16:09:04.220900 sap.ui.core.theming.ThemeHelper: sap-ui-theme-sap.fe.placeholder: true (noLinkElement: false, sheet: true, innerHtml: false, linkElementFinishedLoading: true) -  
1751897344221	debug	2025-07-07 16:09:04.221000 sap.ui.core.theming.ThemeHelper: sap-ui-theme-sap.m: true (noLinkElement: false, sheet: true, innerHtml: false, linkElementFinishedLoading: true) -  
1751897344221	debug	2025-07-07 16:09:04.221000 sap.ui.core.theming.ThemeHelper: sap-ui-theme-sap.ui.layout: false (noLinkElement: false, sheet: false, innerHtml: false, linkElementFinishedLoading: false) -  
1751897344221	debug	2025-07-07 16:09:04.221100 sap.ui.core.theming.ThemeHelper: sap-ui-theme-sap.f: false (noLinkElement: false, sheet: false, innerHtml: false, linkElementFinishedLoading: false) -  
1751897344221	debug	2025-07-07 16:09:04.221100 ThemeManager: Theme not yet applied. -  
1751897344225	debug	2025-07-07 16:09:04.225500 sap.ui.core.theming.ThemeHelper: sap-ui-theme-sap.ui.core: true (noLinkElement: false, sheet: true, innerHtml: false, linkElementFinishedLoading: true) -  
1751897344225	debug	2025-07-07 16:09:04.225600 sap.ui.core.theming.ThemeHelper: sap-ui-theme-sap.fe.placeholder: true (noLinkElement: false, sheet: true, innerHtml: false, linkElementFinishedLoading: true) -  
1751897344226	debug	2025-07-07 16:09:04.225600 sap.ui.core.theming.ThemeHelper: sap-ui-theme-sap.m: true (noLinkElement: false, sheet: true, innerHtml: false, linkElementFinishedLoading: true) -  
1751897344226	debug	2025-07-07 16:09:04.225600 sap.ui.core.theming.ThemeHelper: sap-ui-theme-sap.ui.layout: false (noLinkElement: false, sheet: false, innerHtml: false, linkElementFinishedLoading: false) -  
1751897344226	debug	2025-07-07 16:09:04.225600 sap.ui.core.theming.ThemeHelper: sap-ui-theme-sap.f: false (noLinkElement: false, sheet: false, innerHtml: false, linkElementFinishedLoading: false) -  
1751897344226	debug	2025-07-07 16:09:04.225699 ThemeManager: Theme not yet applied. -  
1751897344230	debug	2025-07-07 16:09:04.230400 sap.ui.core.theming.ThemeHelper: sap-ui-theme-sap.ui.core: true (noLinkElement: false, sheet: true, innerHtml: false, linkElementFinishedLoading: true) -  
1751897344230	debug	2025-07-07 16:09:04.230600 sap.ui.core.theming.ThemeHelper: sap-ui-theme-sap.fe.placeholder: true (noLinkElement: false, sheet: true, innerHtml: false, linkElementFinishedLoading: true) -  
1751897344231	debug	2025-07-07 16:09:04.230600 sap.ui.core.theming.ThemeHelper: sap-ui-theme-sap.m: true (noLinkElement: false, sheet: true, innerHtml: false, linkElementFinishedLoading: true) -  
1751897344231	debug	2025-07-07 16:09:04.230600 sap.ui.core.theming.ThemeHelper: sap-ui-theme-sap.ui.layout: false (noLinkElement: false, sheet: false, innerHtml: false, linkElementFinishedLoading: false) -  
1751897344231	debug	2025-07-07 16:09:04.230699 sap.ui.core.theming.ThemeHelper: sap-ui-theme-sap.f: false (noLinkElement: false, sheet: false, innerHtml: false, linkElementFinishedLoading: false) -  
1751897344231	debug	2025-07-07 16:09:04.230699 ThemeManager: Theme not yet applied. -  
1751897344235	debug	2025-07-07 16:09:04.235400 sap.ui.core.theming.ThemeHelper: sap-ui-theme-sap.ui.core: true (noLinkElement: false, sheet: true, innerHtml: false, linkElementFinishedLoading: true) -  
1751897344235	debug	2025-07-07 16:09:04.235500 sap.ui.core.theming.ThemeHelper: sap-ui-theme-sap.fe.placeholder: true (noLinkElement: false, sheet: true, innerHtml: false, linkElementFinishedLoading: true) -  
1751897344235	debug	2025-07-07 16:09:04.235500 sap.ui.core.theming.ThemeHelper: sap-ui-theme-sap.m: true (noLinkElement: false, sheet: true, innerHtml: false, linkElementFinishedLoading: true) -  
1751897344235	debug	2025-07-07 16:09:04.235500 sap.ui.core.theming.ThemeHelper: sap-ui-theme-sap.ui.layout: false (noLinkElement: false, sheet: false, innerHtml: false, linkElementFinishedLoading: false) -  
1751897344235	debug	2025-07-07 16:09:04.235500 sap.ui.core.theming.ThemeHelper: sap-ui-theme-sap.f: false (noLinkElement: false, sheet: false, innerHtml: false, linkElementFinishedLoading: false) -  
1751897344235	debug	2025-07-07 16:09:04.235500 ThemeManager: Theme not yet applied. -  
1751897344240	debug	2025-07-07 16:09:04.240199 sap.ui.core.theming.ThemeHelper: sap-ui-theme-sap.ui.core: true (noLinkElement: false, sheet: true, innerHtml: false, linkElementFinishedLoading: true) -  
1751897344240	debug	2025-07-07 16:09:04.240300 sap.ui.core.theming.ThemeHelper: sap-ui-theme-sap.fe.placeholder: true (noLinkElement: false, sheet: true, innerHtml: false, linkElementFinishedLoading: true) -  
1751897344240	debug	2025-07-07 16:09:04.240400 sap.ui.core.theming.ThemeHelper: sap-ui-theme-sap.m: true (noLinkElement: false, sheet: true, innerHtml: false, linkElementFinishedLoading: true) -  
1751897344240	debug	2025-07-07 16:09:04.240400 sap.ui.core.theming.ThemeHelper: sap-ui-theme-sap.ui.layout: false (noLinkElement: false, sheet: false, innerHtml: false, linkElementFinishedLoading: false) -  
1751897344240	debug	2025-07-07 16:09:04.240500 sap.ui.core.theming.ThemeHelper: sap-ui-theme-sap.f: false (noLinkElement: false, sheet: false, innerHtml: false, linkElementFinishedLoading: false) -  
1751897344240	debug	2025-07-07 16:09:04.240500 ThemeManager: Theme not yet applied. -  
1751897344245	debug	2025-07-07 16:09:04.245100 sap.ui.core.theming.ThemeHelper: sap-ui-theme-sap.ui.core: true (noLinkElement: false, sheet: true, innerHtml: false, linkElementFinishedLoading: true) -  
1751897344245	debug	2025-07-07 16:09:04.245199 sap.ui.core.theming.ThemeHelper: sap-ui-theme-sap.fe.placeholder: true (noLinkElement: false, sheet: true, innerHtml: false, linkElementFinishedLoading: true) -  
1751897344245	debug	2025-07-07 16:09:04.245199 sap.ui.core.theming.ThemeHelper: sap-ui-theme-sap.m: true (noLinkElement: false, sheet: true, innerHtml: false, linkElementFinishedLoading: true) -  
1751897344245	debug	2025-07-07 16:09:04.245199 sap.ui.core.theming.ThemeHelper: sap-ui-theme-sap.ui.layout: false (noLinkElement: false, sheet: false, innerHtml: false, linkElementFinishedLoading: false) -  
1751897344245	debug	2025-07-07 16:09:04.245300 sap.ui.core.theming.ThemeHelper: sap-ui-theme-sap.f: false (noLinkElement: false, sheet: false, innerHtml: false, linkElementFinishedLoading: false) -  
1751897344245	debug	2025-07-07 16:09:04.245300 ThemeManager: Theme not yet applied. -  
1751897344250	debug	2025-07-07 16:09:04.249500 sap.ui.core.theming.ThemeHelper: sap-ui-theme-sap.ui.core: true (noLinkElement: false, sheet: true, innerHtml: false, linkElementFinishedLoading: true) -  
1751897344250	debug	2025-07-07 16:09:04.249699 sap.ui.core.theming.ThemeHelper: sap-ui-theme-sap.fe.placeholder: true (noLinkElement: false, sheet: true, innerHtml: false, linkElementFinishedLoading: true) -  
1751897344250	debug	2025-07-07 16:09:04.249900 sap.ui.core.theming.ThemeHelper: sap-ui-theme-sap.m: true (noLinkElement: false, sheet: true, innerHtml: false, linkElementFinishedLoading: true) -  
1751897344250	debug	2025-07-07 16:09:04.250000 sap.ui.core.theming.ThemeHelper: sap-ui-theme-sap.ui.layout: false (noLinkElement: false, sheet: false, innerHtml: false, linkElementFinishedLoading: false) -  
1751897344250	debug	2025-07-07 16:09:04.250000 sap.ui.core.theming.ThemeHelper: sap-ui-theme-sap.f: false (noLinkElement: false, sheet: false, innerHtml: false, linkElementFinishedLoading: false) -  
1751897344250	debug	2025-07-07 16:09:04.250000 ThemeManager: Theme not yet applied. -  
1751897344254	debug	2025-07-07 16:09:04.254699 sap.ui.core.theming.ThemeHelper: sap-ui-theme-sap.ui.core: true (noLinkElement: false, sheet: true, innerHtml: false, linkElementFinishedLoading: true) -  
1751897344254	debug	2025-07-07 16:09:04.254800 sap.ui.core.theming.ThemeHelper: sap-ui-theme-sap.fe.placeholder: true (noLinkElement: false, sheet: true, innerHtml: false, linkElementFinishedLoading: true) -  
1751897344254	debug	2025-07-07 16:09:04.254900 sap.ui.core.theming.ThemeHelper: sap-ui-theme-sap.m: true (noLinkElement: false, sheet: true, innerHtml: false, linkElementFinishedLoading: true) -  
1751897344254	debug	2025-07-07 16:09:04.254900 sap.ui.core.theming.ThemeHelper: sap-ui-theme-sap.ui.layout: false (noLinkElement: false, sheet: false, innerHtml: false, linkElementFinishedLoading: false) -  
1751897344254	debug	2025-07-07 16:09:04.254900 sap.ui.core.theming.ThemeHelper: sap-ui-theme-sap.f: false (noLinkElement: false, sheet: false, innerHtml: false, linkElementFinishedLoading: false) -  
1751897344255	debug	2025-07-07 16:09:04.254900 ThemeManager: Theme not yet applied. -  
1751897344259	debug	2025-07-07 16:09:04.259500 sap.ui.core.theming.ThemeHelper: sap-ui-theme-sap.ui.core: true (noLinkElement: false, sheet: true, innerHtml: false, linkElementFinishedLoading: true) -  
1751897344259	debug	2025-07-07 16:09:04.259600 sap.ui.core.theming.ThemeHelper: sap-ui-theme-sap.fe.placeholder: true (noLinkElement: false, sheet: true, innerHtml: false, linkElementFinishedLoading: true) -  
1751897344259	debug	2025-07-07 16:09:04.259600 sap.ui.core.theming.ThemeHelper: sap-ui-theme-sap.m: true (noLinkElement: false, sheet: true, innerHtml: false, linkElementFinishedLoading: true) -  
1751897344259	debug	2025-07-07 16:09:04.259600 sap.ui.core.theming.ThemeHelper: sap-ui-theme-sap.ui.layout: false (noLinkElement: false, sheet: false, innerHtml: false, linkElementFinishedLoading: false) -  
1751897344259	debug	2025-07-07 16:09:04.259699 sap.ui.core.theming.ThemeHelper: sap-ui-theme-sap.f: false (noLinkElement: false, sheet: false, innerHtml: false, linkElementFinishedLoading: false) -  
1751897344259	debug	2025-07-07 16:09:04.259699 ThemeManager: Theme not yet applied. -  
1751897344264	debug	2025-07-07 16:09:04.264300 sap.ui.core.theming.ThemeHelper: sap-ui-theme-sap.ui.core: true (noLinkElement: false, sheet: true, innerHtml: false, linkElementFinishedLoading: true) -  
1751897344264	debug	2025-07-07 16:09:04.264300 sap.ui.core.theming.ThemeHelper: sap-ui-theme-sap.fe.placeholder: true (noLinkElement: false, sheet: true, innerHtml: false, linkElementFinishedLoading: true) -  
1751897344264	debug	2025-07-07 16:09:04.264400 sap.ui.core.theming.ThemeHelper: sap-ui-theme-sap.m: true (noLinkElement: false, sheet: true, innerHtml: false, linkElementFinishedLoading: true) -  
1751897344264	debug	2025-07-07 16:09:04.264400 sap.ui.core.theming.ThemeHelper: sap-ui-theme-sap.ui.layout: false (noLinkElement: false, sheet: false, innerHtml: false, linkElementFinishedLoading: false) -  
1751897344264	debug	2025-07-07 16:09:04.264400 sap.ui.core.theming.ThemeHelper: sap-ui-theme-sap.f: false (noLinkElement: false, sheet: false, innerHtml: false, linkElementFinishedLoading: false) -  
1751897344264	debug	2025-07-07 16:09:04.264400 ThemeManager: Theme not yet applied. -  
1751897344269	debug	2025-07-07 16:09:04.269100 sap.ui.core.theming.ThemeHelper: sap-ui-theme-sap.ui.core: true (noLinkElement: false, sheet: true, innerHtml: false, linkElementFinishedLoading: true) -  
1751897344269	debug	2025-07-07 16:09:04.269199 sap.ui.core.theming.ThemeHelper: sap-ui-theme-sap.fe.placeholder: true (noLinkElement: false, sheet: true, innerHtml: false, linkElementFinishedLoading: true) -  
1751897344269	debug	2025-07-07 16:09:04.269199 sap.ui.core.theming.ThemeHelper: sap-ui-theme-sap.m: true (noLinkElement: false, sheet: true, innerHtml: false, linkElementFinishedLoading: true) -  
1751897344269	debug	2025-07-07 16:09:04.269199 sap.ui.core.theming.ThemeHelper: sap-ui-theme-sap.ui.layout: false (noLinkElement: false, sheet: false, innerHtml: false, linkElementFinishedLoading: false) -  
1751897344269	debug	2025-07-07 16:09:04.269199 sap.ui.core.theming.ThemeHelper: sap-ui-theme-sap.f: false (noLinkElement: false, sheet: false, innerHtml: false, linkElementFinishedLoading: false) -  
1751897344269	debug	2025-07-07 16:09:04.269199 ThemeManager: Theme not yet applied. -  
1751897344273	debug	2025-07-07 16:09:04.273500 sap.ui.core.theming.ThemeHelper: sap-ui-theme-sap.ui.core: true (noLinkElement: false, sheet: true, innerHtml: false, linkElementFinishedLoading: true) -  
1751897344274	debug	2025-07-07 16:09:04.273600 sap.ui.core.theming.ThemeHelper: sap-ui-theme-sap.fe.placeholder: true (noLinkElement: false, sheet: true, innerHtml: false, linkElementFinishedLoading: true) -  
1751897344274	debug	2025-07-07 16:09:04.273600 sap.ui.core.theming.ThemeHelper: sap-ui-theme-sap.m: true (noLinkElement: false, sheet: true, innerHtml: false, linkElementFinishedLoading: true) -  
1751897344274	debug	2025-07-07 16:09:04.273600 sap.ui.core.theming.ThemeHelper: sap-ui-theme-sap.ui.layout: true (noLinkElement: false, sheet: true, innerHtml: false, linkElementFinishedLoading: true) -  
1751897344274	debug	2025-07-07 16:09:04.273699 sap.ui.core.theming.ThemeHelper: sap-ui-theme-sap.f: false (noLinkElement: false, sheet: false, innerHtml: false, linkElementFinishedLoading: false) -  
1751897344274	debug	2025-07-07 16:09:04.273699 ThemeManager: Theme not yet applied. -  
1751897344280	debug	2025-07-07 16:09:04.278400 sap.ui.core.theming.ThemeHelper: sap-ui-theme-sap.ui.core: true (noLinkElement: false, sheet: true, innerHtml: false, linkElementFinishedLoading: true) -  
1751897344280	debug	2025-07-07 16:09:04.278500 sap.ui.core.theming.ThemeHelper: sap-ui-theme-sap.fe.placeholder: true (noLinkElement: false, sheet: true, innerHtml: false, linkElementFinishedLoading: true) -  
1751897344280	debug	2025-07-07 16:09:04.278500 sap.ui.core.theming.ThemeHelper: sap-ui-theme-sap.m: true (noLinkElement: false, sheet: true, innerHtml: false, linkElementFinishedLoading: true) -  
1751897344280	debug	2025-07-07 16:09:04.278600 sap.ui.core.theming.ThemeHelper: sap-ui-theme-sap.ui.layout: true (noLinkElement: false, sheet: true, innerHtml: false, linkElementFinishedLoading: true) -  
1751897344280	debug	2025-07-07 16:09:04.278600 sap.ui.core.theming.ThemeHelper: sap-ui-theme-sap.f: true (noLinkElement: false, sheet: true, innerHtml: false, linkElementFinishedLoading: true) -  
1751897344280	debug	2025-07-07 16:09:04.278800 sap.ui.core.theming.ThemeHelper: sap-ui-theme-sap.ui.layout: true (noLinkElement: false, sheet: true, innerHtml: false, linkElementFinishedLoading: true) -  
1751897344281	debug	2025-07-07 16:09:04.279199 sap.ui.core.theming.ThemeHelper: sap-ui-theme-sap.f: true (noLinkElement: false, sheet: true, innerHtml: false, linkElementFinishedLoading: true) -  
1751897344355	debug	2025-07-07 16:09:04.355000 Class sap.ui.mdc.valuehelp.base.FilterableListContent registered for library sap.ui.mdc -  
1751897344355	debug	2025-07-07 16:09:04.355300 Class sap.ui.mdc.Element registered for library sap.ui.mdc -  
1751897344356	debug	2025-07-07 16:09:04.355900 Class sap.ui.mdc.valuehelp.content.MTable registered for library sap.ui.mdc -  
1751897344356	debug	2025-07-07 16:09:04.356300 Class sap.ui.mdc.valuehelp.content.MDCTable registered for library sap.ui.mdc -  
1751897344357	debug	2025-07-07 16:09:04.356900 Class sap.ui.mdc.ValueHelp registered for library sap.ui.mdc -  
