timestamp	method	url	status
1751897340990	GET	http://localhost:4004/uimodule/test/Test.qunit.html?testsuite=test-resources/uimodule/testsuite.qunit&test=unit/unitTests	200
1751897341002	GET	http://[::1]:35729/livereload.js?snipver=1	200
1751897341006	GET	http://localhost:4004/uimodule/resources/sap/ui/test/starter/runTest.js	200
1751897341014	GET	http://localhost:4004/uimodule/resources/ui5loader.js	200
1751897341018	GET	http://localhost:4004/uimodule/resources/sap/ui/test/starter/_configureLoader.js	200
1751897341023	GET	http://localhost:4004/uimodule/resources/ui5loader-autoconfig.js	200
1751897341030	GET	http://localhost:4004/uimodule/resources/sap/ui/test/starter/_setupAndStart.js	200
1751897341037	GET	http://localhost:4004/uimodule/resources/sap/base/util/fetch.js	200
1751897341039	GET	http://localhost:4004/uimodule/resources/sap/ui/test/starter/_utils.js	200
1751897341050	GET	http://localhost:4004/uimodule/resources/sap/base/util/isPlainObject.js	200
1751897341051	GET	http://localhost:4004/uimodule/resources/sap/base/util/merge.js	200
1751897341056	GET	http://localhost:4004/uimodule/resources/sap/base/util/_merge.js	200
1751897341059	GET	http://localhost:4004/uimodule/test/testsuite.qunit.js	200
1751897341067	GET	http://localhost:4004/uimodule/resources/sap/ui/test/qunitPause.js	200
1751897341075	GET	http://localhost:4004/uimodule/resources/sap/ui/thirdparty/qunit-2.css	200
1751897341085	GET	http://localhost:4004/uimodule/resources/sap/ui/thirdparty/qunit-2.js	200
1751897341091	GET	http://localhost:4004/uimodule/resources/sap/ui/qunit/qunit-junit.js	200
1751897341099	GET	http://localhost:4004/uimodule/resources/sap/ui/thirdparty/sinon-4.js	200
1751897341109	GET	http://localhost:4004/uimodule/resources/sap/ui/qunit/sinon-qunit-bridge.js	200
1751897341114	GET	http://localhost:4004/uimodule/resources/sap/ui/core/Core.js	200
1751897341134	GET	http://localhost:4004/uimodule/resources/sap/ui/core/AnimationMode.js	200
1751897341135	GET	http://localhost:4004/uimodule/resources/sap/ui/core/Configuration.js	200
1751897341139	GET	http://localhost:4004/uimodule/resources/sap/ui/core/ControlBehavior.js	200
1751897341143	GET	http://localhost:4004/uimodule/resources/sap/ui/core/Component.js	200
1751897341145	GET	http://localhost:4004/uimodule/resources/sap/ui/core/ElementRegistry.js	200
1751897341147	GET	http://localhost:4004/uimodule/resources/sap/ui/core/Element.js	200
1751897341160	GET	http://localhost:4004/uimodule/resources/sap/ui/core/Lib.js	200
1751897341161	GET	http://localhost:4004/uimodule/resources/sap/ui/core/LocaleData.js	200
1751897341162	GET	http://localhost:4004/uimodule/resources/sap/ui/core/Rendering.js	200
1751897341168	GET	http://localhost:4004/uimodule/resources/sap/ui/core/UIArea.js	200
1751897341170	GET	http://localhost:4004/uimodule/resources/sap/ui/core/RenderManager.js	200
1751897341171	GET	http://localhost:4004/uimodule/resources/sap/ui/core/Messaging.js	200
1751897341177	GET	http://localhost:4004/uimodule/resources/sap/ui/core/StaticArea.js	200
1751897341178	GET	http://localhost:4004/uimodule/resources/sap/ui/core/Supportability.js	200
1751897341180	GET	http://localhost:4004/uimodule/resources/sap/ui/core/Theming.js	200
1751897341185	GET	http://localhost:4004/uimodule/resources/sap/base/assert.js	200
1751897341187	GET	http://localhost:4004/uimodule/resources/sap/base/config.js	200
1751897341187	GET	http://localhost:4004/uimodule/resources/sap/base/Event.js	200
1751897341196	GET	http://localhost:4004/uimodule/resources/sap/base/Log.js	200
1751897341196	GET	http://localhost:4004/uimodule/resources/sap/base/i18n/Formatting.js	200
1751897341197	GET	http://localhost:4004/uimodule/resources/sap/base/i18n/Localization.js	200
1751897341201	GET	http://localhost:4004/uimodule/resources/sap/base/util/Deferred.js	200
1751897341203	GET	http://localhost:4004/uimodule/resources/sap/base/util/ObjectPath.js	200
1751897341204	GET	http://localhost:4004/uimodule/resources/sap/base/util/isEmptyObject.js	200
1751897341212	GET	http://localhost:4004/uimodule/resources/sap/base/util/Version.js	200
1751897341214	GET	http://localhost:4004/uimodule/resources/sap/ui/Global.js	200
1751897341216	GET	http://localhost:4004/uimodule/resources/sap/ui/Device.js	200
1751897341218	GET	http://localhost:4004/uimodule/resources/sap/ui/VersionInfo.js	200
1751897341221	GET	http://localhost:4004/uimodule/resources/sap/ui/base/Interface.js	200
1751897341221	GET	http://localhost:4004/uimodule/resources/sap/ui/base/EventProvider.js	200
1751897341232	GET	http://localhost:4004/uimodule/resources/sap/ui/base/Object.js	200
1751897341233	GET	http://localhost:4004/uimodule/resources/sap/ui/base/syncXHRFix.js	200
1751897341235	GET	http://localhost:4004/uimodule/resources/sap/ui/core/support/Hotkeys.js	200
1751897341237	GET	http://localhost:4004/uimodule/resources/sap/ui/core/util/_LocalizationHelper.js	200
1751897341237	GET	http://localhost:4004/uimodule/resources/sap/ui/dom/getComputedStyleFix.js	200
1751897341242	GET	http://localhost:4004/uimodule/resources/sap/ui/base/ManagedObject.js	200
1751897341247	GET	http://localhost:4004/uimodule/resources/sap/ui/performance/Measurement.js	200
1751897341249	GET	http://localhost:4004/uimodule/resources/sap/ui/performance/trace/initTraces.js	200
1751897341251	GET	http://localhost:4004/uimodule/resources/sap/ui/security/FrameOptions.js	200
1751897341254	GET	http://localhost:4004/uimodule/resources/sap/ui/security/Security.js	200
1751897341254	GET	http://localhost:4004/uimodule/resources/sap/ui/test/RecorderHotkeyListener.js	200
1751897341261	GET	http://localhost:4004/uimodule/resources/sap/ui/thirdparty/jquery-compat.js	200
1751897341267	GET	http://localhost:4004/uimodule/resources/sap/ui/events/PasteEventFix.js	200
1751897341269	GET	http://localhost:4004/uimodule/resources/jquery.sap.global.js	200
1751897341270	GET	http://localhost:4004/uimodule/resources/sap/ui/events/jquery/EventSimulation.js	200
1751897341270	GET	http://localhost:4004/uimodule/resources/sap/ui/base/DesignTime.js	200
1751897341274	GET	http://localhost:4004/uimodule/resources/sap/ui/thirdparty/URI.js	200
1751897341276	GET	http://localhost:4004/uimodule/resources/sap/ui/core/getCompatibilityVersion.js	200
1751897341283	GET	http://localhost:4004/uimodule/resources/sap/ui/core/Locale.js	200
1751897341285	GET	http://localhost:4004/uimodule/resources/sap/base/Eventing.js	200
1751897341286	GET	http://localhost:4004/uimodule/resources/sap/ui/core/Manifest.js	200
1751897341287	GET	http://localhost:4004/uimodule/resources/sap/ui/core/ComponentHooks.js	200
1751897341291	GET	http://localhost:4004/uimodule/resources/sap/base/future.js	200
1751897341292	GET	http://localhost:4004/uimodule/resources/sap/ui/core/ComponentMetadata.js	200
1751897341297	GET	http://localhost:4004/uimodule/resources/sap/base/util/extend.js	200
1751897341299	GET	http://localhost:4004/uimodule/resources/sap/base/util/deepExtend.js	200
1751897341300	GET	http://localhost:4004/uimodule/resources/sap/ui/core/ResizeHandler.js	200
1751897341300	GET	http://localhost:4004/uimodule/resources/sap/ui/performance/trace/Interaction.js	200
1751897341307	GET	http://localhost:4004/uimodule/resources/sap/ui/util/_enforceNoReturnValue.js	200
1751897341307	GET	http://localhost:4004/uimodule/resources/sap/base/util/LoaderExtensions.js	200
1751897341312	GET	http://localhost:4004/uimodule/resources/sap/base/strings/camelize.js	200
1751897341314	GET	http://localhost:4004/uimodule/resources/sap/ui/core/_UrlResolver.js	200
1751897341314	GET	http://localhost:4004/uimodule/resources/sap/ui/core/mvc/ViewType.js	200
1751897341315	GET	http://localhost:4004/uimodule/resources/sap/ui/core/ComponentRegistry.js	200
1751897341320	GET	http://localhost:4004/uimodule/resources/sap/ui/base/ManagedObjectRegistry.js	200
1751897341321	GET	http://localhost:4004/uimodule/resources/sap/ui/base/DataType.js	200
1751897341328	GET	http://localhost:4004/uimodule/resources/sap/ui/core/FocusMode.js	200
1751897341329	GET	http://localhost:4004/uimodule/resources/sap/ui/core/ElementHooks.js	200
1751897341329	GET	http://localhost:4004/uimodule/resources/sap/ui/core/ElementMetadata.js	200
1751897341329	GET	http://localhost:4004/uimodule/resources/sap/ui/dom/findTabbable.js	200
1751897341334	GET	http://localhost:4004/uimodule/resources/sap/ui/events/F6Navigation.js	200
1751897341336	GET	http://localhost:4004/uimodule/resources/sap/ui/core/EnabledPropagator.js	200
1751897341342	GET	http://localhost:4004/uimodule/resources/sap/base/util/array/uniqueSort.js	200
1751897341342	GET	http://localhost:4004/uimodule/resources/sap/base/util/mixedFetch.js	200
1751897341343	GET	http://localhost:4004/uimodule/resources/sap/base/i18n/ResourceBundle.js	200
1751897341343	GET	http://localhost:4004/uimodule/resources/sap/ui/base/SyncPromise.js	200
1751897341349	GET	http://localhost:4004/uimodule/resources/sap/base/i18n/LanguageTag.js	200
1751897341351	GET	http://localhost:4004/uimodule/resources/sap/base/i18n/date/CalendarType.js	200
1751897341357	GET	http://localhost:4004/uimodule/resources/sap/ui/core/UIAreaRegistry.js	200
1751897341358	GET	http://localhost:4004/uimodule/resources/sap/base/i18n/date/CalendarWeekNumbering.js	200
1751897341358	GET	http://localhost:4004/uimodule/resources/sap/ui/core/FocusHandler.js	200
1751897341358	GET	http://localhost:4004/uimodule/resources/sap/ui/util/ActivityDetection.js	200
1751897341363	GET	http://localhost:4004/uimodule/resources/sap/ui/events/KeyCodes.js	200
1751897341364	GET	http://localhost:4004/uimodule/resources/sap/base/util/uid.js	200
1751897341370	GET	http://localhost:4004/uimodule/resources/sap/ui/events/ControlEvents.js	200
1751897341371	GET	http://localhost:4004/uimodule/resources/sap/ui/core/InvisibleRenderer.js	200
1751897341371	GET	http://localhost:4004/uimodule/resources/sap/ui/events/jquery/EventExtension.js	200
1751897341372	GET	http://localhost:4004/uimodule/resources/sap/ui/core/LabelEnablement.js	200
1751897341377	GET	http://localhost:4004/uimodule/resources/sap/ui/core/Patcher.js	200
1751897341378	GET	http://localhost:4004/uimodule/resources/sap/base/security/encodeCSS.js	200
1751897341383	GET	http://localhost:4004/uimodule/resources/sap/ui/core/message/ControlMessageProcessor.js	200
1751897341384	GET	http://localhost:4004/uimodule/resources/sap/base/util/deepEqual.js	200
1751897341384	GET	http://localhost:4004/uimodule/resources/sap/base/security/encodeXML.js	200
1751897341385	GET	http://localhost:4004/uimodule/resources/sap/ui/core/message/Message.js	200
1751897341391	GET	http://localhost:4004/uimodule/resources/sap/ui/core/message/MessageType.js	200
1751897341393	GET	http://localhost:4004/uimodule/resources/sap/ui/core/message/MessageProcessor.js	200
1751897341399	GET	http://localhost:4004/uimodule/resources/sap/ui/dom/_ready.js	200
1751897341399	GET	http://localhost:4004/uimodule/resources/sap/ui/model/message/MessageModel.js	200
1751897341400	GET	http://localhost:4004/uimodule/resources/sap/ui/core/theming/ThemeHelper.js	200
1751897341401	GET	http://localhost:4004/uimodule/resources/sap/base/config/MemoryConfigurationProvider.js	200
1751897341406	GET	http://localhost:4004/uimodule/resources/sap/base/util/now.js	200
1751897341408	GET	http://localhost:4004/uimodule/resources/sap/base/i18n/date/TimezoneUtils.js	200
1751897341416	GET	http://localhost:4004/uimodule/resources/sap/ui/base/Event.js	200
1751897341417	GET	http://localhost:4004/uimodule/resources/sap/ui/base/Metadata.js	200
1751897341418	GET	http://localhost:4004/uimodule/resources/sap/ui/base/BindingInfo.js	200
1751897341420	GET	http://localhost:4004/uimodule/resources/sap/ui/base/ManagedObjectMetadata.js	200
1751897341423	GET	http://localhost:4004/uimodule/resources/sap/base/util/deepClone.js	200
1751897341426	GET	http://localhost:4004/uimodule/resources/sap/ui/performance/trace/FESR.js	200
1751897341433	GET	http://localhost:4004/uimodule/resources/sap/ui/dom/includeScript.js	200
1751897341434	GET	http://localhost:4004/uimodule/resources/sap/ui/dom/includeStylesheet.js	200
1751897341436	GET	http://localhost:4004/uimodule/resources/jquery.sap.stubs.js	200
1751897341440	GET	http://localhost:4004/uimodule/resources/sap/ui/events/PseudoEvents.js	200
1751897341442	GET	http://localhost:4004/uimodule/resources/sap/ui/events/checkMouseEnterOrLeave.js	200
1751897341448	GET	http://localhost:4004/uimodule/resources/sap/ui/events/TouchToMouseMapping.js	200
1751897341449	GET	http://localhost:4004/uimodule/resources/sap/ui/thirdparty/jquery.js	200
1751897341458	GET	http://localhost:4004/uimodule/resources/sap/ui/core/IntervalTrigger.js	200
1751897341459	GET	http://localhost:4004/uimodule/resources/sap/ui/util/XMLHelper.js	200
1751897341459	GET	http://localhost:4004/uimodule/resources/sap/base/util/resolveReference.js	200
1751897341460	GET	http://localhost:4004/uimodule/resources/sap/base/i18n/date/_EnumHelper.js	200
1751897341467	GET	http://localhost:4004/uimodule/resources/sap/ui/core/Renderer.js	200
1751897341469	GET	http://localhost:4004/uimodule/resources/sap/ui/dom/jquery/Selectors.js	200
1751897341469	GET	http://localhost:4004/uimodule/resources/sap/base/i18n/LanguageFallback.js	200
1751897341470	GET	http://localhost:4004/uimodule/resources/sap/base/strings/formatMessage.js	200
1751897341473	GET	http://localhost:4004/uimodule/resources/sap/base/util/Properties.js	200
1751897341475	GET	http://localhost:4004/uimodule/resources/sap/base/strings/toHex.js	200
1751897341480	GET	http://localhost:4004/uimodule/resources/sap/ui/model/BindingMode.js	200
1751897341482	GET	http://localhost:4004/uimodule/resources/sap/ui/model/ClientModel.js	200
1751897341482	GET	http://localhost:4004/uimodule/resources/sap/ui/model/Context.js	200
1751897341484	GET	http://localhost:4004/uimodule/resources/sap/ui/model/message/MessageListBinding.js	200
1751897341487	GET	http://localhost:4004/uimodule/resources/sap/ui/model/message/MessagePropertyBinding.js	200
1751897341491	GET	http://localhost:4004/uimodule/resources/sap/ui/base/BindingParser.js	200
1751897341496	GET	http://localhost:4004/uimodule/resources/sap/base/strings/capitalize.js	200
1751897341498	GET	http://localhost:4004/uimodule/resources/sap/ui/performance/trace/Passport.js	200
1751897341498	GET	http://localhost:4004/uimodule/resources/sap/base/strings/escapeRegExp.js	200
1751897341499	GET	http://localhost:4004/uimodule/resources/sap/ui/performance/XHRInterceptor.js	200
1751897341503	GET	http://localhost:4004/uimodule/resources/sap/ui/performance/BeaconRequest.js	200
1751897341505	GET	http://localhost:4004/uimodule/resources/sap/base/util/defineLazyProperty.js	200
1751897341513	GET	http://localhost:4004/uimodule/resources/sap/ui/thirdparty/jqueryui/jquery-ui-position.js	200
1751897341514	GET	http://localhost:4004/uimodule/resources/sap/ui/core/EventBus.js	200
1751897341517	GET	http://localhost:4004/uimodule/resources/sap/ui/model/Model.js	200
1751897341518	GET	http://localhost:4004/uimodule/resources/sap/ui/thirdparty/jquery-mobile-custom.js	200
1751897341520	GET	http://localhost:4004/uimodule/resources/sap/ui/model/ClientContextBinding.js	200
1751897341522	GET	http://localhost:4004/uimodule/resources/sap/ui/model/ClientListBinding.js	200
1751897341529	GET	http://localhost:4004/uimodule/resources/sap/ui/model/ClientPropertyBinding.js	200
1751897341530	GET	http://localhost:4004/uimodule/resources/sap/ui/model/ClientTreeBinding.js	200
1751897341531	GET	http://localhost:4004/uimodule/resources/sap/base/strings/hash.js	200
1751897341532	GET	http://localhost:4004/uimodule/resources/sap/base/util/each.js	200
1751897341534	GET	http://localhost:4004/uimodule/resources/sap/ui/model/ChangeReason.js	200
1751897341536	GET	http://localhost:4004/uimodule/resources/sap/ui/base/ExpressionParser.js	200
1751897341545	GET	http://localhost:4004/uimodule/resources/sap/ui/model/Sorter.js	200
1751897341545	GET	http://localhost:4004/uimodule/resources/sap/ui/model/Filter.js	200
1751897341546	GET	http://localhost:4004/uimodule/resources/sap/base/util/JSTokenizer.js	200
1751897341548	GET	http://localhost:4004/uimodule/resources/sap/ui/model/ManagedObjectBindingSupport.js	200
1751897341550	GET	http://localhost:4004/uimodule/resources/sap/ui/model/ContextBinding.js	200
1751897341552	GET	http://localhost:4004/uimodule/resources/sap/ui/model/FilterType.js	200
1751897341560	GET	http://localhost:4004/uimodule/resources/sap/ui/model/FilterProcessor.js	200
1751897341560	GET	http://localhost:4004/uimodule/resources/sap/ui/model/ListBinding.js	200
1751897341561	GET	http://localhost:4004/uimodule/resources/sap/ui/model/SorterProcessor.js	200
1751897341564	GET	http://localhost:4004/uimodule/resources/sap/ui/model/PropertyBinding.js	200
1751897341565	GET	http://localhost:4004/uimodule/resources/sap/ui/model/TreeBinding.js	200
1751897341567	GET	http://localhost:4004/uimodule/resources/sap/ui/model/FilterOperator.js	200
1751897341574	GET	http://localhost:4004/uimodule/resources/sap/ui/model/StaticBinding.js	200
1751897341574	GET	http://localhost:4004/uimodule/resources/sap/ui/model/CompositeBinding.js	200
1751897341575	GET	http://localhost:4004/uimodule/resources/sap/ui/model/FormatException.js	200
1751897341577	GET	http://localhost:4004/uimodule/resources/sap/ui/model/ParseException.js	200
1751897341579	GET	http://localhost:4004/uimodule/resources/sap/ui/model/ValidateException.js	200
1751897341581	GET	http://localhost:4004/uimodule/resources/sap/ui/model/Type.js	200
1751897341589	GET	http://localhost:4004/uimodule/resources/sap/base/util/array/diff.js	200
1751897341589	GET	http://localhost:4004/uimodule/resources/sap/ui/model/Binding.js	200
1751897341590	GET	http://localhost:4004/uimodule/resources/sap/ui/model/SimpleType.js	200
1751897341591	GET	http://localhost:4004/uimodule/resources/sap/ui/model/DataState.js	200
1751897341592	GET	http://localhost:4004/uimodule/resources/sap/ui/model/CompositeDataState.js	200
1751897341593	GET	http://localhost:4004/uimodule/resources/sap/ui/model/CompositeType.js	200
1751897341594	GET	http://localhost:4004/uimodule/resources/sap/ui/base/Exception.js	200
1751897341620	GET	http://localhost:4004/uimodule/resources/sap/ui/core/date/Gregorian.js	200
1751897341622	GET	http://localhost:4004/uimodule/resources/sap/ui/core/boot/KeyboardInteractionEndpoint.js	200
1751897341622	GET	http://localhost:4004/uimodule/resources/sap/ui/core/boot/FieldHelpEndpoint.js	200
1751897341624	GET	http://localhost:4004/uimodule/resources/sap/ui/core/cldr/en.json	200
1751897341628	GET	http://localhost:4004/uimodule/resources/sap/ui/core/library.js	200
1751897341636	GET	http://localhost:4004/uimodule/resources/sap/ui/core/date/UniversalDate.js	200
1751897341637	GET	http://localhost:4004/uimodule/resources/sap/ui/core/date/_Calendars.js	200
1751897341642	GET	http://localhost:4004/uimodule/resources/sap/ui/core/date/CalendarWeekNumbering.js	200
1751897341643	GET	http://localhost:4004/uimodule/resources/sap/ui/core/CalendarType.js	200
1751897341646	GET	http://localhost:4004/uimodule/resources/sap/ui/core/date/CalendarUtils.js	200
1751897341647	GET	http://localhost:4004/uimodule/resources/sap/ui/core/date/UI5Date.js	200
1751897341658	GET	http://localhost:4004/uimodule/resources/sap/ui/core/theming/ThemeManager.js	200
1751897341671	GET	http://localhost:4004/uimodule/test/unit/unitTests.qunit.js	200
1751897341704	GET	http://localhost:4004/uimodule/resources/sap/ui/core/themes/sap_horizon/library.css?version=1.136.1	200
1751897341706	GET	http://localhost:4004/uimodule/test/unit/controller/Main.qunit.js	200
1751897341713	GET	http://localhost:4004/uimodule/ext/main/Main.controller.js	200
1751897341726	GET	http://localhost:4004/uimodule/resources/sap/m/MessageToast.js	200
1751897341728	GET	http://localhost:4004/uimodule/resources/sap/fe/core/PageController.js	200
1751897341746	GET	http://localhost:4004/uimodule/resources/sap/m/InstanceManager.js	200
1751897341748	GET	http://localhost:4004/uimodule/resources/sap/fe/core/BaseController.js	200
1751897341750	GET	http://localhost:4004/uimodule/resources/sap/ui/core/Control.js	200
1751897341751	GET	http://localhost:4004/uimodule/resources/sap/fe/core/ExtensionAPI.js	200
1751897341758	GET	http://localhost:4004/uimodule/resources/sap/ui/core/Popup.js	200
1751897341759	GET	http://localhost:4004/uimodule/resources/sap/fe/base/ClassSupport.js	200
1751897341773	GET	http://localhost:4004/uimodule/resources/sap/fe/core/controllerextensions/CollaborativeDraft.js	200
1751897341774	GET	http://localhost:4004/uimodule/resources/sap/fe/core/controllerextensions/IntentBasedNavigation.js	200
1751897341778	GET	http://localhost:4004/uimodule/resources/sap/fe/core/controllerextensions/InlineEditFlow.js	200
1751897341807	GET	http://localhost:4004/uimodule/resources/sap/fe/core/controllerextensions/InternalIntentBasedNavigation.js	200
1751897341811	GET	http://localhost:4004/uimodule/resources/sap/fe/core/controllerextensions/InternalRouting.js	200
1751897341814	GET	http://localhost:4004/uimodule/resources/sap/fe/core/controllerextensions/PageReady.js	200
1751897341819	GET	http://localhost:4004/uimodule/resources/sap/fe/core/controllerextensions/MessageHandler.js	200
1751897341820	GET	http://localhost:4004/uimodule/resources/sap/fe/core/controllerextensions/Paginator.js	200
1751897341828	GET	http://localhost:4004/uimodule/resources/sap/fe/core/controllerextensions/Placeholder.js	200
1751897341831	GET	http://localhost:4004/uimodule/resources/sap/fe/core/controllerextensions/EditFlow.js	200
1751897341833	GET	http://localhost:4004/uimodule/resources/sap/fe/core/controllerextensions/Routing.js	200
1751897341837	GET	http://localhost:4004/uimodule/resources/sap/fe/core/controllerextensions/Recommendations.js	200
1751897341839	GET	http://localhost:4004/uimodule/resources/sap/fe/core/controllerextensions/Share.js	200
1751897341846	GET	http://localhost:4004/uimodule/resources/sap/fe/core/controllerextensions/Telemetry.js	200
1751897341848	GET	http://localhost:4004/uimodule/resources/sap/fe/core/controllerextensions/SideEffects.js	200
1751897341851	GET	http://localhost:4004/uimodule/resources/sap/m/MessageBox.js	200
1751897341856	GET	http://localhost:4004/uimodule/resources/sap/fe/core/controllerextensions/ContextSharing.js	200
1751897341858	GET	http://localhost:4004/uimodule/resources/sap/fe/core/controllerextensions/cards/CollaborationManager.js	200
1751897341860	GET	http://localhost:4004/uimodule/resources/sap/fe/core/controllerextensions/ViewState.js	200
1751897341867	GET	http://localhost:4004/uimodule/resources/sap/ui/core/mvc/Controller.js	200
1751897341869	GET	http://localhost:4004/uimodule/resources/sap/ui/core/CustomStyleClassSupport.js	200
1751897341873	GET	http://localhost:4004/uimodule/resources/sap/ui/core/BusyIndicatorUtils.js	200
1751897341876	GET	http://localhost:4004/uimodule/resources/sap/fe/core/CommonUtils.js	200
1751897341876	GET	http://localhost:4004/uimodule/resources/sap/ui/core/BlockLayerUtils.js	200
1751897341882	GET	http://localhost:4004/uimodule/resources/sap/fe/core/controls/DataWatcher.js	200
1751897341886	GET	http://localhost:4004/uimodule/resources/sap/ui/model/json/JSONModel.js	200
1751897341889	GET	http://localhost:4004/uimodule/resources/sap/ui/base/ObjectPool.js	200
1751897341891	GET	http://localhost:4004/uimodule/resources/sap/fe/base/BindingToolkit.js	200
1751897341891	GET	http://localhost:4004/uimodule/resources/sap/ui/dom/jquery/control.js	200
1751897341892	GET	http://localhost:4004/uimodule/resources/sap/ui/dom/jquery/Focusable.js	200
1751897341898	GET	http://localhost:4004/uimodule/resources/sap/ui/dom/jquery/rect.js	200
1751897341902	GET	http://localhost:4004/uimodule/resources/sap/fe/base/HookSupport.js	200
1751897341906	GET	http://localhost:4004/uimodule/resources/sap/ui/core/mvc/ControllerMetadata.js	200
1751897341909	GET	http://localhost:4004/uimodule/resources/sap/fe/core/controllerextensions/BaseControllerExtension.js	200
1751897341911	GET	http://localhost:4004/uimodule/resources/sap/fe/core/controllerextensions/collaboration/CollaborationCommon.js	200
1751897341917	GET	http://localhost:4004/uimodule/resources/sap/fe/core/templating/UIFormatters.js	200
1751897341919	GET	http://localhost:4004/uimodule/resources/sap/ui/core/mvc/ControllerExtension.js	200
1751897341922	GET	http://localhost:4004/uimodule/resources/sap/ui/core/mvc/OverrideExecution.js	200
1751897341928	GET	http://localhost:4004/uimodule/resources/sap/fe/core/controls/inlineEditFlow/BeforeActionDialog.js	200
1751897341931	GET	http://localhost:4004/uimodule/resources/sap/fe/core/controls/inlineEditFlow/BeforeNavigationDialog.js	200
1751897341937	GET	http://localhost:4004/uimodule/resources/sap/fe/core/helpers/TypeGuards.js	200
1751897341940	GET	http://localhost:4004/uimodule/resources/sap/fe/core/controls/inlineEditFlow/DraftExistsDialog.js	200
1751897341942	GET	http://localhost:4004/uimodule/resources/sap/fe/core/controllerextensions/messageHandler/messageHandling.js	200
1751897341948	GET	http://localhost:4004/uimodule/resources/sap/fe/core/converters/MetaModelConverter.js	200
1751897341951	GET	http://localhost:4004/uimodule/resources/sap/fe/core/controllerextensions/editFlow/NotApplicableContextDialog.js	200
1751897341956	GET	http://localhost:4004/uimodule/resources/sap/fe/core/controllerextensions/editFlow/draft.js	200
1751897341959	GET	http://localhost:4004/uimodule/resources/sap/fe/core/helpers/FPMHelper.js	200
1751897341962	GET	http://localhost:4004/uimodule/resources/sap/fe/core/helpers/KeepAliveHelper.js	200
1751897341963	GET	http://localhost:4004/uimodule/resources/sap/fe/core/helpers/KeepAliveRefreshTypes.js	200
1751897341967	GET	http://localhost:4004/uimodule/resources/sap/fe/core/helpers/ResourceModelHelper.js	200
1751897341971	GET	http://localhost:4004/uimodule/resources/sap/fe/core/helpers/ModelHelper.js	200
1751897341973	GET	http://localhost:4004/uimodule/resources/sap/fe/core/converters/helpers/Aggregation.js	200
1751897341974	GET	http://localhost:4004/uimodule/resources/sap/fe/core/controllerextensions/BusyLocker.js	200
1751897341976	GET	http://localhost:4004/uimodule/resources/sap/fe/core/controllerextensions/routing/ContextPathHelper.js	200
1751897341977	GET	http://localhost:4004/uimodule/resources/sap/fe/navigation/SelectionVariant.js	200
1751897341982	GET	http://localhost:4004/uimodule/resources/sap/fe/core/controllerextensions/routing/NavigationReason.js	200
1751897341985	GET	http://localhost:4004/uimodule/resources/sap/fe/core/helpers/EditState.js	200
1751897341986	GET	http://localhost:4004/uimodule/resources/sap/fe/core/controllerextensions/editFlow/editFlowConstants.js	200
1751897341989	GET	http://localhost:4004/uimodule/resources/sap/fe/core/controllerextensions/pageReady/DataQueryWatcher.js	200
1751897341991	GET	http://localhost:4004/uimodule/resources/sap/fe/placeholder/library.js	200
1751897341994	GET	http://localhost:4004/uimodule/resources/sap/fe/core/services/TemplatedViewServiceFactory.js	200
1751897341996	GET	http://localhost:4004/uimodule/resources/sap/ui/core/Placeholder.js	200
1751897342001	GET	http://localhost:4004/uimodule/resources/sap/fe/core/controllerextensions/Feedback.js	200
1751897342012	GET	http://localhost:4004/uimodule/resources/sap/fe/placeholder/themes/sap_horizon/library.css?version=1.136.1	200
1751897342013	GET	http://localhost:4004/uimodule/resources/sap/fe/core/controllerextensions/editFlow/sticky.js	200
1751897342014	GET	http://localhost:4004/uimodule/resources/sap/fe/core/helpers/SemanticKeyHelper.js	200
1751897342023	GET	http://localhost:4004/uimodule/resources/sap/fe/core/library.js	200
1751897342026	GET	http://localhost:4004/uimodule/resources/sap/fe/core/controllerextensions/editFlow/TransactionHelper.js	200
1751897342027	GET	http://localhost:4004/uimodule/resources/sap/m/Button.js	200
1751897342029	GET	http://localhost:4004/uimodule/resources/sap/m/Text.js	200
1751897342030	GET	http://localhost:4004/uimodule/resources/sap/fe/core/ActionRuntime.js	200
1751897342031	GET	http://localhost:4004/uimodule/resources/sap/m/Dialog.js	200
1751897342038	GET	http://localhost:4004/uimodule/resources/sap/fe/core/controls/Recommendations/ConfirmRecommendationDialog.js	200
1751897342041	GET	http://localhost:4004/uimodule/resources/sap/fe/core/converters/ManifestSettings.js	200
1751897342046	GET	http://localhost:4004/uimodule/resources/sap/fe/core/helpers/RecommendationHelper.js	200
1751897342053	GET	http://localhost:4004/uimodule/resources/sap/fe/core/helpers/StandardRecommendationHelper.js	200
1751897342056	GET	http://localhost:4004/uimodule/resources/sap/fe/core/controllerextensions/recommendations/Telemetry.js	200
1751897342067	GET	http://localhost:4004/uimodule/resources/sap/ui/core/Fragment.js	200
1751897342069	GET	http://localhost:4004/uimodule/resources/sap/m/library.js	200
1751897342071	GET	http://localhost:4004/uimodule/resources/sap/ui/core/routing/HashChanger.js	200
1751897342071	GET	http://localhost:4004/uimodule/resources/sap/ui/core/XMLTemplateProcessor.js	200
1751897342074	GET	http://localhost:4004/uimodule/resources/sap/m/FormattedText.js	200
1751897342076	GET	http://localhost:4004/uimodule/resources/sap/ui/core/util/XMLPreprocessor.js	200
1751897342080	GET	http://localhost:4004/uimodule/resources/sap/m/MessageStrip.js	200
1751897342081	GET	http://localhost:4004/uimodule/resources/sap/m/Link.js	200
1751897342082	GET	http://localhost:4004/uimodule/resources/sap/m/VBox.js	200
1751897342085	GET	http://localhost:4004/uimodule/resources/sap/ui/core/IconPool.js	200
1751897342088	GET	http://localhost:4004/uimodule/resources/sap/fe/navigation/library.js	200
1751897342089	GET	http://localhost:4004/uimodule/resources/sap/ui/core/mvc/ControllerExtensionProvider.js	200
1751897342094	GET	http://localhost:4004/uimodule/resources/sap/fe/core/controls/AnyElement.js	200
1751897342094	GET	http://localhost:4004/uimodule/resources/sap/fe/core/helpers/StableIdHelper.js	200
1751897342095	GET	http://localhost:4004/uimodule/resources/sap/fe/core/converters/ConverterContext.js	200
1751897342097	GET	http://localhost:4004/uimodule/resources/sap/fe/core/converters/helpers/SelectionVariantHelper.js	200
1751897342102	GET	http://localhost:4004/uimodule/resources/sap/ui/events/jquery/EventTriggerHook.js	200
1751897342106	GET	http://localhost:4004/uimodule/resources/sap/ui/model/json/JSONListBinding.js	200
1751897342107	GET	http://localhost:4004/uimodule/resources/sap/ui/model/json/JSONPropertyBinding.js	200
1751897342108	GET	http://localhost:4004/uimodule/resources/sap/fe/core/helpers/MetaModelFunction.js	200
1751897342109	GET	http://localhost:4004/uimodule/resources/sap/ui/model/json/JSONTreeBinding.js	200
1751897342112	GET	http://localhost:4004/uimodule/resources/sap/fe/base/AnnotationEnum.js	200
1751897342114	GET	http://localhost:4004/uimodule/resources/sap/ui/dom/isHidden.js	200
1751897342119	GET	http://localhost:4004/uimodule/resources/sap/ui/dom/getOwnerWindow.js	200
1751897342119	GET	http://localhost:4004/uimodule/resources/sap/ui/dom/jquery/hasTabIndex.js	200
1751897342120	GET	http://localhost:4004/uimodule/resources/sap/fe/core/helpers/BindingHelper.js	200
1751897342122	GET	http://localhost:4004/uimodule/resources/sap/fe/core/formatters/ValueFormatter.js	200
1751897342130	GET	http://localhost:4004/uimodule/resources/sap/fe/core/templating/DataModelPathHelper.js	200
1751897342133	GET	http://localhost:4004/uimodule/resources/sap/fe/core/templating/DisplayModeFormatter.js	200
1751897342139	GET	http://localhost:4004/uimodule/resources/sap/fe/core/templating/FieldControlHelper.js	200
1751897342139	GET	http://localhost:4004/uimodule/resources/sap/fe/core/templating/PropertyHelper.js	200
1751897342142	GET	http://localhost:4004/uimodule/resources/sap/fe/base/jsx-runtime/jsx.js	200
1751897342148	GET	http://localhost:4004/uimodule/resources/sap/fe/base/jsx-runtime/jsxs.js	200
1751897342157	GET	http://localhost:4004/uimodule/resources/sap/m/CustomListItem.js	200
1751897342160	GET	http://localhost:4004/uimodule/resources/sap/m/Label.js	200
1751897342171	GET	http://localhost:4004/uimodule/resources/sap/ui/core/CustomData.js	200
1751897342172	GET	http://localhost:4004/uimodule/resources/sap/m/List.js	200
1751897342173	GET	http://localhost:4004/uimodule/resources/sap/m/Bar.js	200
1751897342177	GET	http://localhost:4004/uimodule/resources/sap/m/MessageItem.js	200
1751897342183	GET	http://localhost:4004/uimodule/resources/sap/m/MessageView.js	200
1751897342193	GET	http://localhost:4004/uimodule/resources/sap/ui/core/format/DateFormat.js	200
1751897342195	GET	http://localhost:4004/uimodule/resources/sap/fe/core/services/EnvironmentServiceFactory.js	200
1751897342197	GET	http://localhost:4004/uimodule/resources/sap/fe/core/templating/EntityTypeHelper.js	200
1751897342198	GET	http://localhost:4004/uimodule/resources/sap/m/HBox.js	200
1751897342209	GET	http://localhost:4004/uimodule/resources/sap/fe/base/jsx-runtime/Fragment.js	200
1751897342214	GET	http://localhost:4004/uimodule/resources/sap/fe/core/converters/common/AnnotationConverter.js	200
1751897342220	GET	http://localhost:4004/uimodule/resources/sap/fe/core/controllerextensions/editFlow/operations/Operation.js	200
1751897342222	GET	http://localhost:4004/uimodule/resources/sap/fe/core/controllerextensions/editFlow/draftDataLossPopup.js	200
1751897342223	GET	http://localhost:4004/uimodule/resources/sap/fe/core/controls/Any.js	200
1751897342225	GET	http://localhost:4004/uimodule/resources/sap/fe/core/helpers/MetaPath.js	200
1751897342233	GET	http://localhost:4004/uimodule/resources/sap/ui/model/odata/type/Raw.js	200
1751897342237	GET	http://localhost:4004/uimodule/resources/sap/fe/navigation/NavError.js	200
1751897342246	GET	http://localhost:4004/uimodule/resources/sap/fe/macros/table/Utils.js	200
1751897342247	GET	http://localhost:4004/uimodule/resources/sap/fe/core/TemplateModel.js	200
1751897342249	GET	http://localhost:4004/uimodule/resources/sap/fe/core/converters/ManifestWrapper.js	200
1751897342259	GET	http://localhost:4004/uimodule/resources/sap/fe/core/helpers/LoaderUtils.js	200
1751897342266	GET	http://localhost:4004/uimodule/resources/sap/fe/core/manifestMerger/ChangePageConfiguration.js	200
1751897342270	GET	http://localhost:4004/uimodule/resources/sap/ui/core/service/Service.js	200
1751897342271	GET	http://localhost:4004/uimodule/resources/sap/ui/core/mvc/View.js	200
1751897342273	GET	http://localhost:4004/uimodule/resources/sap/ui/core/service/ServiceFactory.js	200
1751897342282	GET	http://localhost:4004/uimodule/resources/sap/fe/core/definition/FEDefinition.js	200
1751897342286	GET	http://localhost:4004/uimodule/resources/sap/ui/core/service/ServiceFactoryRegistry.js	200
1751897342323	GET	http://localhost:4004/uimodule/resources/sap/fe/core/helpers/DynamicAnnotationPathHelper.js	200
1751897342331	GET	http://localhost:4004/uimodule/resources/sap/fe/core/formatters/CriticalityFormatter.js	200
1751897342332	GET	http://localhost:4004/uimodule/resources/sap/fe/core/formatters/FPMFormatter.js	200
1751897342334	GET	http://localhost:4004/uimodule/resources/sap/fe/core/formatters/StandardFormatter.js	200
1751897342338	GET	http://localhost:4004/uimodule/resources/sap/fe/core/services/AsyncComponentServiceFactory.js	200
1751897342341	GET	http://localhost:4004/uimodule/resources/sap/fe/core/services/CacheHandlerServiceFactory.js	200
1751897342350	GET	http://localhost:4004/uimodule/resources/sap/fe/core/services/CollaborativeToolsServiceFactory.js	200
1751897342353	GET	http://localhost:4004/uimodule/resources/sap/fe/core/services/NavigationServiceFactory.js	200
1751897342354	GET	http://localhost:4004/uimodule/resources/sap/fe/core/services/ResourceModelServiceFactory.js	200
1751897342364	GET	http://localhost:4004/uimodule/resources/sap/fe/core/services/ShellServicesFactory.js	200
1751897342366	GET	http://localhost:4004/uimodule/resources/sap/fe/core/services/RoutingServiceFactory.js	200
1751897342370	GET	http://localhost:4004/uimodule/resources/sap/fe/core/services/CollaborationManagerServiceFactory.js	200
1751897342371	GET	http://localhost:4004/uimodule/resources/sap/fe/core/services/SideEffectsServiceFactory.js	200
1751897342376	GET	http://localhost:4004/uimodule/resources/sap/fe/core/services/ValueHelpHistoryServiceFactory.js	200
1751897342380	GET	http://localhost:4004/uimodule/resources/sap/fe/base/library.js	200
1751897342386	GET	http://localhost:4004/uimodule/resources/sap/fe/core/services/InlineEditServiceFactory.js	200
1751897342388	GET	http://localhost:4004/uimodule/resources/sap/fe/core/services/TelemetryServiceFactory.js	200
1751897342391	GET	http://localhost:4004/uimodule/resources/sap/fe/core/type/Date.js	200
1751897342392	GET	http://localhost:4004/uimodule/resources/sap/fe/core/type/DateTimeWithTimezone.js	200
1751897342393	GET	http://localhost:4004/uimodule/resources/sap/fe/core/type/Email.js	200
1751897342398	GET	http://localhost:4004/uimodule/resources/sap/fe/core/type/FiscalDate.js	200
1751897342401	GET	http://localhost:4004/uimodule/resources/sap/fe/core/type/InputMask.js	200
1751897342403	GET	http://localhost:4004/uimodule/resources/sap/fe/core/services/ContextSharingServiceFactory.js	200
1751897342408	GET	http://localhost:4004/uimodule/resources/sap/fe/core/controllerextensions/editFlow/operations.js	200
1751897342412	GET	http://localhost:4004/uimodule/resources/sap/fe/core/UIProvider.js	200
1751897342418	GET	http://localhost:4004/uimodule/resources/sap/fe/core/services/collaborativeDraftServiceFactory.js	200
1751897342420	GET	http://localhost:4004/uimodule/resources/sap/fe/core/converters/annotations/DataField.js	200
1751897342423	GET	http://localhost:4004/uimodule/resources/sap/fe/core/helpers/PromiseKeeper.js	200
1751897342431	GET	http://localhost:4004/uimodule/resources/sap/fe/core/helpers/DeleteHelper.js	200
1751897342432	GET	http://localhost:4004/uimodule/resources/sap/fe/core/helpers/ToES6Promise.js	200
1751897342440	GET	http://localhost:4004/uimodule/resources/sap/m/Popover.js	200
1751897342454	GET	http://localhost:4004/uimodule/resources/sap/fe/core/controllerextensions/editFlow/operations/actionHelper.js	200
1751897342471	GET	http://localhost:4004/uimodule/resources/sap/ui/core/ShortcutHintsMixin.js	200
1751897342473	GET	http://localhost:4004/uimodule/resources/sap/ui/core/AccessKeysEnablement.js	200
1751897342486	GET	http://localhost:4004/uimodule/resources/sap/ui/core/ContextMenuSupport.js	200
1751897342487	GET	http://localhost:4004/uimodule/resources/sap/m/ButtonRenderer.js	200
1751897342495	GET	http://localhost:4004/uimodule/resources/sap/m/BadgeEnabler.js	200
1751897342495	GET	http://localhost:4004/uimodule/resources/sap/ui/core/InvisibleText.js	200
1751897342497	GET	http://localhost:4004/uimodule/resources/sap/m/Image.js	200
1751897342500	GET	http://localhost:4004/uimodule/resources/sap/m/HyphenationSupport.js	200
1751897342507	GET	http://localhost:4004/uimodule/resources/sap/m/TextRenderer.js	200
1751897342512	GET	http://localhost:4004/uimodule/resources/sap/fe/core/converters/objectPage/HeaderAndFooterAction.js	200
1751897342516	GET	http://localhost:4004/uimodule/resources/sap/m/ToolbarSpacer.js	200
1751897342517	GET	http://localhost:4004/uimodule/resources/sap/m/AssociativeOverflowToolbar.js	200
1751897342519	GET	http://localhost:4004/uimodule/resources/sap/m/Title.js	200
1751897342522	GET	http://localhost:4004/uimodule/resources/sap/ui/core/delegate/ScrollEnablement.js	200
1751897342528	GET	http://localhost:4004/uimodule/resources/sap/ui/core/theming/Parameters.js	200
1751897342534	GET	http://localhost:4004/uimodule/resources/sap/ui/core/util/ResponsivePaddingsEnablement.js	200
1751897342540	GET	http://localhost:4004/uimodule/resources/sap/m/TitlePropagationSupport.js	200
1751897342540	GET	http://localhost:4004/uimodule/resources/sap/m/DialogRenderer.js	200
1751897342679	GET	http://localhost:4004/uimodule/resources/sap/ui/dom/units/Rem.js	200
1751897342679	GET	http://localhost:4004/uimodule/resources/sap/m/FlexItemData.js	200
1751897342696	GET	http://localhost:4004/uimodule/resources/sap/m/Toolbar.js	200
1751897342701	GET	http://localhost:4004/uimodule/resources/sap/fe/core/helpers/BindingToolkitEvaluator.js	200
1751897342706	GET	http://localhost:4004/uimodule/resources/sap/ui/core/mvc/XMLProcessingMode.js	200
1751897342709	GET	http://localhost:4004/uimodule/resources/sap/ui/core/DeclarativeSupport.js	200
1751897342712	GET	http://localhost:4004/uimodule/resources/sap/ui/util/openWindow.js	200
1751897342712	GET	http://localhost:4004/uimodule/resources/sap/m/AvatarShape.js	200
1751897342720	GET	http://localhost:4004/uimodule/resources/sap/m/AvatarSize.js	200
1751897342725	GET	http://localhost:4004/uimodule/resources/sap/m/AvatarType.js	200
1751897342728	GET	http://localhost:4004/uimodule/resources/sap/m/AvatarColor.js	200
1751897342730	GET	http://localhost:4004/uimodule/resources/sap/m/AvatarBadgeColor.js	200
1751897342732	GET	http://localhost:4004/uimodule/resources/sap/m/AvatarImageFitType.js	200
1751897342733	GET	http://localhost:4004/uimodule/resources/sap/m/IllustratedMessageSize.js	200
1751897342739	GET	http://localhost:4004/uimodule/resources/sap/m/IllustratedMessageType.js	200
1751897342743	GET	http://localhost:4004/uimodule/resources/sap/m/upload/UploaderHttpRequestMethod.js	200
1751897342747	GET	http://localhost:4004/uimodule/resources/sap/m/Support.js	200
1751897342748	GET	http://localhost:4004/uimodule/resources/sap/ui/core/routing/HashChangerBase.js	200
1751897342752	GET	http://localhost:4004/uimodule/resources/sap/ui/core/routing/RouterHashChanger.js	200
1751897342752	GET	http://localhost:4004/uimodule/resources/sap/ui/thirdparty/signals.js	200
1751897342758	GET	http://localhost:4004/uimodule/resources/sap/ui/core/mvc/EventHandlerResolver.js	200
1751897342762	GET	http://localhost:4004/uimodule/resources/sap/ui/core/ExtensionPoint.js	200
1751897342766	GET	http://localhost:4004/uimodule/resources/sap/ui/core/StashedControlSupport.js	200
1751897342767	GET	http://localhost:4004/uimodule/resources/sap/m/FormattedTextAnchorGenerator.js	200
1751897342769	GET	http://localhost:4004/uimodule/resources/sap/m/FormattedTextRenderer.js	200
1751897342770	GET	http://localhost:4004/uimodule/resources/sap/base/security/URLListValidator.js	200
1751897342776	GET	http://localhost:4004/uimodule/resources/sap/base/security/sanitizeHTML.js	200
1751897342781	GET	http://localhost:4004/uimodule/resources/sap/m/MessageStripUtilities.js	200
1751897342787	GET	http://localhost:4004/uimodule/resources/sap/m/MessageStripRenderer.js	200
1751897342788	GET	http://localhost:4004/uimodule/resources/sap/ui/core/Icon.js	200
1751897342790	GET	http://localhost:4004/uimodule/resources/sap/m/LinkRenderer.js	200
1751897342793	GET	http://localhost:4004/uimodule/resources/sap/m/FlexBox.js	200
1751897342796	GET	http://localhost:4004/uimodule/resources/sap/m/VBoxRenderer.js	200
1751897342800	GET	http://localhost:4004/uimodule/resources/sap/ui/core/_IconRegistry.js	200
1751897342808	GET	http://localhost:4004/uimodule/resources/sap/ui/dom/containsOrEquals.js	200
1751897342809	GET	http://localhost:4004/uimodule/resources/sap/fe/core/converters/helpers/IssueManager.js	200
1751897342810	GET	http://localhost:4004/uimodule/resources/sap/fe/core/type/EDM.js	200
1751897342812	GET	http://localhost:4004/uimodule/resources/sap/base/strings/whitespaceReplacer.js	200
1751897342829	GET	http://localhost:4004/uimodule/resources/sap/fe/core/templating/SemanticObjectHelper.js	200
1751897342835	GET	http://localhost:4004/uimodule/resources/sap/fe/base/jsx-runtime/jsx-renderManager.js	200
1751897342836	GET	http://localhost:4004/uimodule/resources/sap/ui/core/format/NumberFormat.js	200
1751897342837	GET	http://localhost:4004/uimodule/resources/sap/fe/base/jsx-runtime/jsx-control.js	200
1751897342837	GET	http://localhost:4004/uimodule/resources/sap/fe/base/jsx-runtime/jsx-xml.js	200
1751897342848	GET	http://localhost:4004/uimodule/resources/sap/m/ListItemBase.js	200
1751897342853	GET	http://localhost:4004/uimodule/resources/sap/m/CustomListItemRenderer.js	200
1751897342862	GET	http://localhost:4004/uimodule/resources/sap/m/ListRenderer.js	200
1751897342862	GET	http://localhost:4004/uimodule/resources/sap/m/LabelRenderer.js	200
1751897342864	GET	http://localhost:4004/uimodule/resources/sap/m/BarInPageEnabler.js	200
1751897342865	GET	http://localhost:4004/uimodule/resources/sap/m/BarRenderer.js	200
1751897342867	GET	http://localhost:4004/uimodule/resources/sap/m/ListBase.js	200
1751897342871	GET	http://localhost:4004/uimodule/resources/sap/ui/core/Item.js	200
1751897342882	GET	http://localhost:4004/uimodule/resources/sap/m/MessageListItem.js	200
1751897342883	GET	http://localhost:4004/uimodule/resources/sap/ui/core/HTML.js	200
1751897342884	GET	http://localhost:4004/uimodule/resources/sap/m/SegmentedButton.js	200
1751897342887	GET	http://localhost:4004/uimodule/resources/sap/m/Page.js	200
1751897342892	GET	http://localhost:4004/uimodule/resources/sap/m/GroupHeaderListItem.js	200
1751897342892	GET	http://localhost:4004/uimodule/resources/sap/m/NavContainer.js	200
1751897342898	GET	http://localhost:4004/uimodule/resources/sap/m/MessageViewRenderer.js	200
1751897342898	GET	http://localhost:4004/uimodule/resources/sap/ui/core/InvisibleMessage.js	200
1751897342902	GET	http://localhost:4004/uimodule/resources/sap/ui/core/format/FormatUtils.js	200
1751897342911	GET	http://localhost:4004/uimodule/resources/sap/ui/thirdparty/caja-html-sanitizer.js	200
1751897342913	GET	http://localhost:4004/uimodule/resources/sap/m/HBoxRenderer.js	200
1751897342913	GET	http://localhost:4004/uimodule/resources/sap/fe/core/templating/ActionHelper.js	200
1751897342922	GET	http://localhost:4004/uimodule/resources/sap/fe/core/controllerextensions/editFlow/operations/OperationMessage.js	200
1751897342925	GET	http://localhost:4004/uimodule/resources/sap/fe/core/controllerextensions/editFlow/operations/ODataOperation.js	200
1751897342926	GET	http://localhost:4004/uimodule/resources/sap/fe/core/controllerextensions/editFlow/operations/OperationParameters.js	200
1751897342929	GET	http://localhost:4004/uimodule/resources/sap/fe/core/controls/DataLossOrDraftDiscard/DraftDataLossDialog.js	200
1751897342931	GET	http://localhost:4004/uimodule/resources/sap/ui/model/odata/type/ODataType.js	200
1751897342933	GET	http://localhost:4004/uimodule/resources/sap/fe/macros/DelegateUtil.js	200
1751897342947	GET	http://localhost:4004/uimodule/resources/sap/ui/core/mvc/ViewRenderer.js	200
1751897342948	GET	http://localhost:4004/uimodule/resources/sap/fe/macros/CollectionBindingInfo.js	200
1751897342952	GET	http://localhost:4004/uimodule/resources/sap/ui/core/cache/CacheManager.js	200
1751897342954	GET	http://localhost:4004/uimodule/resources/sap/fe/macros/filter/FilterUtils.js	200
1751897342956	GET	http://localhost:4004/uimodule/resources/sap/fe/core/ResourceModel.js	200
1751897342978	GET	http://localhost:4004/uimodule/resources/sap/fe/core/helpers/ManifestHelper.js	200
1751897342979	GET	http://localhost:4004/uimodule/resources/sap/ui/model/odata/v4/ODataUtils.js	200
1751897342983	GET	http://localhost:4004/uimodule/resources/sap/fe/core/helpers/AppStartupHelper.js	200
1751897342983	GET	http://localhost:4004/uimodule/resources/sap/fe/core/helpers/WebSocket.js	200
1751897342986	GET	http://localhost:4004/uimodule/resources/sap/fe/core/controllerextensions/routing/RouterProxy.js	200
1751897342988	GET	http://localhost:4004/uimodule/resources/sap/fe/navigation/NavigationHandler.js	200
1751897343001	GET	http://localhost:4004/uimodule/resources/sap/fe/core/services/valueHelpService/HistoryOptOutProvider.js	200
1751897343004	GET	http://localhost:4004/uimodule/resources/sap/ui/model/odata/type/Date.js	200
1751897343008	GET	http://localhost:4004/uimodule/resources/sap/ui/model/odata/type/DateTimeWithTimezone.js	200
1751897343010	GET	http://localhost:4004/uimodule/resources/sap/ui/model/odata/type/String.js	200
1751897343013	GET	http://localhost:4004/uimodule/resources/sap/fe/core/formatters/FiscalFormat.js	200
1751897343018	GET	http://localhost:4004/uimodule/resources/sap/fe/core/controllerextensions/editFlow/operations/facade.js	200
1751897343029	GET	http://localhost:4004/uimodule/resources/sap/fe/core/controllerextensions/collaboration/ActivityBase.js	200
1751897343031	GET	http://localhost:4004/uimodule/resources/sap/fe/core/converters/helpers/DataFieldHelper.js	200
1751897343033	GET	http://localhost:4004/uimodule/resources/sap/m/CheckBox.js	200
1751897343034	GET	http://localhost:4004/uimodule/resources/sap/ui/dom/isElementCovered.js	200
1751897343037	GET	http://localhost:4004/uimodule/resources/sap/m/PopoverRenderer.js	200
1751897343045	GET	http://localhost:4004/uimodule/resources/sap/ui/dom/getScrollbarSize.js	200
1751897343053	GET	http://localhost:4004/uimodule/resources/sap/base/util/clamp.js	200
1751897343056	GET	http://localhost:4004/uimodule/resources/sap/m/BadgeCustomData.js	200
1751897343057	GET	http://localhost:4004/uimodule/resources/sap/ui/core/ShortcutHint.js	200
1751897343059	GET	http://localhost:4004/uimodule/resources/sap/m/ImageRenderer.js	200
1751897343061	GET	http://localhost:4004/uimodule/resources/sap/ui/core/hyphenation/Hyphenation.js	200
1751897343072	GET	http://localhost:4004/uimodule/resources/sap/fe/core/converters/controls/Common/Action.js	200
1751897343080	GET	http://localhost:4004/uimodule/resources/sap/m/ToolbarSpacerRenderer.js	200
1751897343083	GET	http://localhost:4004/uimodule/resources/sap/fe/core/converters/helpers/Key.js	200
1751897343083	GET	http://localhost:4004/uimodule/resources/sap/fe/core/converters/helpers/ConfigurableObject.js	200
1751897343086	GET	http://localhost:4004/uimodule/resources/sap/m/OverflowToolbar.js	200
1751897343089	GET	http://localhost:4004/uimodule/resources/sap/m/OverflowToolbarRenderer.js	200
1751897343101	GET	http://localhost:4004/uimodule/resources/sap/m/TitleRenderer.js	200
1751897343106	GET	http://localhost:4004/uimodule/resources/sap/base/util/syncFetch.js	200
1751897343110	GET	http://localhost:4004/uimodule/resources/sap/ui/core/LayoutData.js	200
1751897343110	GET	http://localhost:4004/uimodule/resources/sap/m/FlexBoxStylingHelper.js	200
1751897343112	GET	http://localhost:4004/uimodule/resources/sap/m/ToolbarLayoutData.js	200
1751897343117	GET	http://localhost:4004/uimodule/resources/sap/m/ToolbarRenderer.js	200
1751897343264	GET	http://localhost:4004/uimodule/resources/sap/ui/thirdparty/hasher.js	200
1751897343267	GET	http://localhost:4004/uimodule/resources/sap/ui/model/base/ManagedObjectModel.js	200
1751897343267	GET	http://localhost:4004/uimodule/resources/sap/ui/core/CommandExecution.js	200
1751897343268	GET	http://localhost:4004/uimodule/resources/sap/m/themes/sap_horizon/library.css?version=1.136.1	200
1751897343269	GET	http://localhost:4004/uimodule/resources/sap/ui/core/IconRenderer.js	200
1751897343355	GET	http://localhost:4004/uimodule/resources/sap/m/manifest.json	200
1751897343380	GET	http://localhost:4004/uimodule/resources/sap/m/messagebundle_en.properties	200
1751897343389	GET	http://localhost:4004/uimodule/resources/sap/ui/util/defaultLinkTypes.js	200
1751897343389	GET	http://localhost:4004/uimodule/resources/sap/ui/base/ManagedObjectObserver.js	200
1751897343390	GET	http://localhost:4004/uimodule/resources/sap/m/FlexBoxRenderer.js	200
1751897343390	GET	http://localhost:4004/uimodule/resources/sap/m/RadioButton.js	200
1751897343390	GET	http://localhost:4004/uimodule/resources/sap/m/ListItemBaseRenderer.js	200
1751897343391	GET	http://localhost:4004/uimodule/resources/sap/m/ListBaseRenderer.js	200
1751897343391	GET	http://localhost:4004/uimodule/resources/sap/ui/core/delegate/ItemNavigation.js	200
1751897343392	GET	http://localhost:4004/uimodule/resources/sap/m/GrowingEnablement.js	200
1751897343392	GET	http://localhost:4004/uimodule/resources/sap/ui/dom/jquery/Aria.js	200
1751897343393	GET	http://localhost:4004/uimodule/resources/sap/m/table/Util.js	200
1751897343393	GET	http://localhost:4004/uimodule/resources/sap/m/StandardListItem.js	200
1751897343393	GET	http://localhost:4004/uimodule/resources/sap/m/MessageListItemRenderer.js	200
1751897343394	GET	http://localhost:4004/uimodule/resources/sap/ui/core/HTMLRenderer.js	200
1751897343394	GET	http://localhost:4004/uimodule/resources/sap/m/SegmentedButtonItem.js	200
1751897343394	GET	http://localhost:4004/uimodule/resources/sap/ui/core/ListItem.js	200
1751897343395	GET	http://localhost:4004/uimodule/resources/sap/m/Select.js	200
1751897343395	GET	http://localhost:4004/uimodule/resources/sap/m/SegmentedButtonRenderer.js	200
1751897343395	GET	http://localhost:4004/uimodule/resources/sap/m/GroupHeaderListItemRenderer.js	200
1751897343396	GET	http://localhost:4004/uimodule/resources/sap/m/PageRenderer.js	200
1751897343396	GET	http://localhost:4004/uimodule/resources/sap/m/NavContainerRenderer.js	200
1751897343396	GET	http://localhost:4004/uimodule/resources/sap/ui/model/odata/v4/SubmitMode.js	200
1751897343398	GET	http://localhost:4004/uimodule/resources/sap/fe/core/controllerextensions/editFlow/operations/ODataStrictHandling.js	200
1751897343403	GET	http://localhost:4004/uimodule/resources/sap/fe/core/templating/PropertyFormatters.js	200
1751897343405	GET	http://localhost:4004/uimodule/resources/sap/fe/macros/internal/valuehelp/ValueHelpTemplating.js	200
1751897343413	GET	http://localhost:4004/uimodule/resources/sap/ui/core/cache/LRUPersistentCache.js	200
1751897343416	GET	http://localhost:4004/uimodule/resources/sap/ui/core/cache/CacheManagerNOP.js	200
1751897343420	GET	http://localhost:4004/uimodule/resources/sap/fe/macros/field/FieldHelper.js	200
1751897343456	GET	http://localhost:4004/uimodule/resources/sap/fe/macros/filterBar/SemanticDateOperators.js	200
1751897343471	GET	http://localhost:4004/uimodule/resources/sap/fe/core/converters/controls/ListReport/FilterBar.js	200
1751897343482	GET	http://localhost:4004/uimodule/resources/sap/ui/mdc/condition/Condition.js	200
1751897343486	GET	http://localhost:4004/uimodule/resources/sap/fe/macros/CommonHelper.js	200
1751897343487	GET	http://localhost:4004/uimodule/resources/sap/ui/mdc/enums/ConditionValidated.js	200
1751897343487	GET	http://localhost:4004/uimodule/resources/sap/ui/mdc/condition/ConditionConverter.js	200
1751897343497	GET	http://localhost:4004/uimodule/resources/sap/ui/mdc/odata/v4/TypeMap.js	200
1751897343502	GET	http://localhost:4004/uimodule/resources/sap/ui/mdc/p13n/StateUtil.js	200
1751897343506	GET	http://localhost:4004/uimodule/resources/sap/ui/mdc/util/FilterUtil.js	200
1751897343508	GET	http://localhost:4004/uimodule/resources/sap/ui/model/resource/ResourceModel.js	200
1751897343509	GET	http://localhost:4004/uimodule/resources/sap/ui/model/odata/ODataUtils.js	200
1751897343509	GET	http://localhost:4004/uimodule/resources/sap/fe/macros/filterBar/DraftEditState.js	200
1751897343565	GET	http://localhost:4004/uimodule/resources/sap/fe/core/manifest.json	200
1751897343579	GET	http://localhost:4004/uimodule/resources/sap/fe/core/messagebundle_en.properties	200
1751897343580	GET	http://localhost:4004/uimodule/resources/sap/ui/model/odata/v4/lib/_Batch.js	200
1751897343581	GET	http://localhost:4004/uimodule/resources/sap/ui/core/UIComponent.js	200
1751897343581	GET	http://localhost:4004/uimodule/resources/sap/fe/core/helpers/Synchronization.js	200
1751897343581	GET	http://localhost:4004/uimodule/resources/sap/ui/core/ws/SapPcpWebSocket.js	200
1751897343581	GET	http://localhost:4004/uimodule/resources/sap/m/Switch.js	200
1751897343582	GET	http://localhost:4004/uimodule/resources/sap/ui/model/odata/v4/lib/_Helper.js	200
1751897343583	GET	http://localhost:4004/uimodule/resources/sap/ui/model/_Helper.js	200
1751897343583	GET	http://localhost:4004/uimodule/resources/sap/ui/core/message/MessageMixin.js	200
1751897343584	GET	http://localhost:4004/uimodule/resources/sap/m/CheckBoxRenderer.js	200
1751897343584	GET	http://localhost:4004/uimodule/resources/sap/ui/model/type/String.js	200
1751897343584	GET	http://localhost:4004/uimodule/resources/sap/ui/core/hyphenation/HyphenationTestingWords.js	200
1751897343584	GET	http://localhost:4004/uimodule/resources/sap/fe/core/converters/helpers/ID.js	200
1751897343584	GET	http://localhost:4004/uimodule/resources/sap/m/OverflowToolbarAssociativePopover.js	200
1751897343584	GET	http://localhost:4004/uimodule/resources/sap/m/OverflowToolbarLayoutData.js	200
1751897343584	GET	http://localhost:4004/uimodule/resources/sap/m/ToggleButton.js	200
1751897343584	GET	http://localhost:4004/uimodule/resources/sap/m/OverflowToolbarAssociativePopoverControls.js	200
1751897343585	GET	http://localhost:4004/uimodule/resources/sap/base/strings/hyphenate.js	200
1751897343586	GET	http://localhost:4004/uimodule/resources/sap/ui/core/syncStyleClass.js	200
1751897343586	GET	http://localhost:4004/uimodule/resources/sap/m/RadioButtonRenderer.js	200
1751897343586	GET	http://localhost:4004/uimodule/resources/sap/ui/core/Shortcut.js	200
1751897343594	GET	http://localhost:4004/uimodule/resources/sap/m/IllustratedMessage.js	200
1751897343595	GET	http://localhost:4004/uimodule/resources/sap/m/ResponsivePopover.js	200
1751897343601	GET	http://localhost:4004/uimodule/resources/sap/m/delegate/ValueStateMessage.js	200
1751897343602	GET	http://localhost:4004/uimodule/resources/sap/m/StandardListItemRenderer.js	200
1751897343602	GET	http://localhost:4004/uimodule/resources/sap/m/SelectRenderer.js	200
1751897343602	GET	http://localhost:4004/uimodule/resources/sap/m/SelectList.js	200
1751897343607	GET	http://localhost:4004/uimodule/resources/sap/m/SimpleFixFlex.js	200
1751897343610	GET	http://localhost:4004/uimodule/resources/sap/ui/core/ValueStateSupport.js	200
1751897343618	GET	http://localhost:4004/uimodule/resources/sap/m/ColumnListItemRenderer.js	200
1751897343618	GET	http://localhost:4004/uimodule/resources/sap/fe/core/controllerextensions/dialog/ODataStrictDialog.js	200
1751897343619	GET	http://localhost:4004/uimodule/resources/sap/fe/macros/internal/valuehelp/AdditionalValueFormatter.js	200
1751897343619	GET	http://localhost:4004/uimodule/resources/sap/ui/mdc/ValueHelp.js	200
1751897343624	GET	http://localhost:4004/uimodule/resources/sap/ui/mdc/valuehelp/Dialog.js	200
1751897343627	GET	http://localhost:4004/uimodule/resources/sap/ui/mdc/valuehelp/Popover.js	200
1751897343637	GET	http://localhost:4004/uimodule/resources/sap/ui/mdc/valuehelp/content/Conditions.js	200
1751897343638	GET	http://localhost:4004/uimodule/resources/sap/ui/model/odata/v4/AnnotationHelper.js	200
1751897343638	GET	http://localhost:4004/uimodule/resources/sap/ui/mdc/valuehelp/content/MTable.js	200
1751897343644	GET	http://localhost:4004/uimodule/resources/sap/fe/macros/filterBar/ExtendedSemanticDateOperators.js	200
1751897343644	GET	http://localhost:4004/uimodule/resources/sap/fe/macros/filterBar/DefaultSemanticDateOperators.js	200
1751897343649	GET	http://localhost:4004/uimodule/resources/sap/fe/macros/internal/valuehelp/ValueListHelper.js	200
1751897343660	GET	http://localhost:4004/uimodule/resources/sap/fe/core/converters/controls/Common/DataVisualization.js	200
1751897343663	GET	http://localhost:4004/uimodule/resources/sap/fe/core/converters/controls/ListReport/FilterField.js	200
1751897343668	GET	http://localhost:4004/uimodule/resources/sap/fe/core/converters/controls/ListReport/VisualFilters.js	200
1751897343668	GET	http://localhost:4004/uimodule/resources/sap/ui/mdc/enums/OperatorName.js	200
1751897343673	GET	http://localhost:4004/uimodule/resources/sap/fe/core/converters/controls/Common/table/Columns.js	200
1751897343676	GET	http://localhost:4004/uimodule/resources/sap/ui/mdc/enums/FieldEditMode.js	200
1751897343676	GET	http://localhost:4004/uimodule/resources/sap/ui/mdc/condition/FilterOperatorUtil.js	200
1751897343677	GET	http://localhost:4004/uimodule/resources/sap/fe/core/converters/controls/Common/Table.js	200
1751897343683	GET	http://localhost:4004/uimodule/resources/sap/ui/mdc/enums/OperatorValueType.js	200
1751897343687	GET	http://localhost:4004/uimodule/resources/sap/ui/mdc/odata/TypeMap.js	200
1751897343690	GET	http://localhost:4004/uimodule/resources/sap/ui/mdc/enums/BaseType.js	200
1751897343691	GET	http://localhost:4004/uimodule/resources/sap/ui/mdc/util/IdentifierUtil.js	200
1751897343693	GET	http://localhost:4004/uimodule/resources/sap/m/p13n/Engine.js	200
1751897343694	GET	http://localhost:4004/uimodule/resources/sap/ui/mdc/condition/FilterConverter.js	200
1751897343697	GET	http://localhost:4004/uimodule/resources/sap/ui/model/resource/ResourcePropertyBinding.js	200
1751897343705	GET	http://localhost:4004/uimodule/resources/sap/base/security/encodeURL.js	200
1751897343706	GET	http://localhost:4004/uimodule/resources/sap/ui/core/UIComponentMetadata.js	200
1751897343707	GET	http://localhost:4004/uimodule/resources/sap/ui/core/ws/WebSocket.js	200
1751897343710	GET	http://localhost:4004/uimodule/resources/sap/m/SwitchRenderer.js	200
1751897343719	GET	http://localhost:4004/uimodule/resources/sap/ui/model/odata/v4/lib/_Parser.js	200
1751897343719	GET	http://localhost:4004/uimodule/resources/sap/m/OverflowToolbarAssociativePopoverRenderer.js	200
1751897343724	GET	http://localhost:4004/uimodule/resources/sap/m/ToggleButtonRenderer.js	200
1751897343726	GET	http://localhost:4004/uimodule/resources/sap/m/OverflowToolbarButton.js	200
1751897343727	GET	http://localhost:4004/uimodule/resources/sap/m/OverflowToolbarMenuButton.js	200
1751897343727	GET	http://localhost:4004/uimodule/resources/sap/m/OverflowToolbarToggleButton.js	200
1751897343729	GET	http://localhost:4004/uimodule/resources/sap/ui/core/util/ShortcutHelper.js	200
1751897343805	GET	http://localhost:4004/uimodule/resources/sap/ui/core/manifest.json	200
1751897343818	GET	http://localhost:4004/uimodule/resources/sap/ui/core/messagebundle_en.properties	200
1751897343819	GET	http://localhost:4004/uimodule/resources/sap/m/IllustratedMessageRenderer.js	200
1751897343819	GET	http://localhost:4004/uimodule/resources/sap/m/Illustration.js	200
1751897343819	GET	http://localhost:4004/uimodule/resources/sap/m/ResponsivePopoverRenderer.js	200
1751897343819	GET	http://localhost:4004/uimodule/resources/sap/m/SimpleFixFlexRenderer.js	200
1751897343820	GET	http://localhost:4004/uimodule/resources/sap/m/SelectListRenderer.js	200
1751897343820	GET	http://localhost:4004/uimodule/resources/sap/fe/core/buildingBlocks/BuildingBlock.js	200
1751897343820	GET	http://localhost:4004/uimodule/resources/sap/ui/mdc/Element.js	200
1751897343820	GET	http://localhost:4004/uimodule/resources/sap/ui/mdc/enums/ValueHelpPropagationReason.js	200
1751897343820	GET	http://localhost:4004/uimodule/resources/sap/fe/macros/internal/valuehelp/AdditionalValueHelper.js	200
1751897343821	GET	http://localhost:4004/uimodule/resources/sap/ui/mdc/mixin/PromiseMixin.js	200
1751897343821	GET	http://localhost:4004/uimodule/resources/sap/ui/mdc/enums/ValueHelpSelectionType.js	200
1751897343821	GET	http://localhost:4004/uimodule/resources/sap/ui/mdc/enums/RequestShowContainerReason.js	200
1751897343821	GET	http://localhost:4004/uimodule/resources/sap/ui/mdc/enums/FieldDisplay.js	200
1751897343821	GET	http://localhost:4004/uimodule/resources/sap/ui/mdc/valuehelp/base/DialogTab.js	200
1751897343821	GET	http://localhost:4004/uimodule/resources/sap/ui/mdc/util/loadModules.js	200
1751897343821	GET	http://localhost:4004/uimodule/resources/sap/ui/mdc/valuehelp/base/Container.js	200
1751897343822	GET	http://localhost:4004/uimodule/resources/sap/ui/mdc/util/Common.js	200
1751897343822	GET	http://localhost:4004/uimodule/resources/sap/ui/mdc/util/DensityHelper.js	200
1751897343822	GET	http://localhost:4004/uimodule/resources/sap/ui/mdc/valuehelp/base/Content.js	200
1751897343822	GET	http://localhost:4004/uimodule/resources/sap/ui/mdc/valuehelp/base/FilterableListContent.js	200
1751897343822	GET	http://localhost:4004/uimodule/resources/sap/ui/model/odata/v4/_AnnotationHelperExpression.js	200
1751897343824	GET	http://localhost:4004/uimodule/resources/sap/ui/mdc/condition/RangeOperator.js	200
1751897343829	GET	http://localhost:4004/uimodule/resources/sap/ui/mdc/condition/Operator.js	200
1751897343830	GET	http://localhost:4004/uimodule/resources/sap/ui/mdc/valuehelp/content/MDCTable.js	200
1751897343831	GET	http://localhost:4004/uimodule/resources/sap/ui/core/date/UniversalDateUtils.js	200
1751897343832	GET	http://localhost:4004/uimodule/resources/sap/fe/core/templating/FilterTemplating.js	200
1751897343837	GET	http://localhost:4004/uimodule/resources/sap/fe/core/converters/controls/Common/Chart.js	200
1751897343840	GET	http://localhost:4004/uimodule/resources/sap/fe/core/templating/EntitySetHelper.js	200
1751897343845	GET	http://localhost:4004/uimodule/resources/sap/ui/model/type/Integer.js	200
1751897343845	GET	http://localhost:4004/uimodule/resources/sap/fe/core/templating/CriticalityFormatters.js	200
1751897343846	GET	http://localhost:4004/uimodule/resources/sap/fe/macros/formatters/TableFormatter.js	200
1751897343849	GET	http://localhost:4004/uimodule/resources/sap/fe/macros/internal/helpers/ActionHelper.js	200
1751897343852	GET	http://localhost:4004/uimodule/resources/sap/fe/core/converters/controls/Common/Criticality.js	200
1751897343860	GET	http://localhost:4004/uimodule/resources/sap/m/p13n/modules/AdaptationProvider.js	200
1751897343860	GET	http://localhost:4004/uimodule/resources/sap/ui/mdc/DefaultTypeMap.js	200
1751897343861	GET	http://localhost:4004/uimodule/resources/sap/fe/core/converters/controls/Common/table/StandardActions.js	200
1751897343862	GET	http://localhost:4004/uimodule/resources/sap/m/p13n/modification/FlexModificationHandler.js	200
1751897343866	GET	http://localhost:4004/uimodule/resources/sap/m/p13n/MessageStrip.js	200
1751897343870	GET	http://localhost:4004/uimodule/resources/sap/m/p13n/modules/DefaultProviderRegistry.js	200
1751897343877	GET	http://localhost:4004/uimodule/resources/sap/m/p13n/modules/StateHandlerRegistry.js	200
1751897343878	GET	http://localhost:4004/uimodule/resources/sap/m/p13n/modules/UIManager.js	200
1751897343878	GET	http://localhost:4004/uimodule/resources/sap/m/p13n/enums/ProcessingStrategy.js	200
1751897343879	GET	http://localhost:4004/uimodule/resources/sap/m/p13n/modules/xConfigAPI.js	200
1751897343879	GET	http://localhost:4004/uimodule/resources/sap/m/p13n/enums/PersistenceMode.js	200
1751897343885	GET	http://localhost:4004/uimodule/resources/sap/ui/core/ws/ReadyState.js	200
1751897343893	GET	http://localhost:4004/uimodule/resources/sap/m/MenuButton.js	200
1751897343894	GET	http://localhost:4004/uimodule/resources/sap/m/MenuButtonRenderer.js	200
1751897343894	GET	http://localhost:4004/uimodule/resources/sap/m/IllustrationRenderer.js	200
1751897343895	GET	http://localhost:4004/uimodule/resources/sap/m/IllustrationPool.js	200
1751897343896	GET	http://localhost:4004/uimodule/resources/sap/fe/base/BuildingBlockBase.js	200
1751897343902	GET	http://localhost:4004/uimodule/resources/sap/ui/mdc/mixin/DelegateMixin.js	200
1751897343916	GET	http://localhost:4004/uimodule/resources/sap/ui/mdc/mixin/PropertyHelperMixin.js	200
1751897343918	GET	http://localhost:4004/uimodule/resources/sap/ui/mdc/valuehelp/base/ListContent.js	200
1751897343918	GET	http://localhost:4004/uimodule/resources/sap/ui/mdc/util/PromiseCache.js	200
1751897343963	GET	http://localhost:4004/uimodule/resources/sap/ui/mdc/manifest.json	200
1751897343977	GET	http://localhost:4004/uimodule/resources/sap/ui/mdc/messagebundle_en.properties	200
1751897343979	GET	http://localhost:4004/uimodule/resources/sap/ui/mdc/mixin/AdaptationMixin.js	200
1751897343979	GET	http://localhost:4004/uimodule/resources/sap/ui/model/odata/_AnnotationHelperBasics.js	200
1751897343980	GET	http://localhost:4004/uimodule/resources/sap/ui/mdc/util/DateUtil.js	200
1751897343980	GET	http://localhost:4004/uimodule/resources/sap/ui/mdc/enums/OperatorOverwrite.js	200
1751897343980	GET	http://localhost:4004/uimodule/resources/sap/ui/mdc/enums/TableType.js	200
1751897343980	GET	http://localhost:4004/uimodule/resources/sap/ui/mdc/enums/TableRowCountMode.js	200
1751897343980	GET	http://localhost:4004/uimodule/resources/sap/ui/mdc/enums/TableSelectionMode.js	200
1751897343980	GET	http://localhost:4004/uimodule/resources/sap/base/util/restricted/_throttle.js	200
1751897343980	GET	http://localhost:4004/uimodule/resources/sap/fe/core/converters/helpers/InsightsHelpers.js	200
1751897343980	GET	http://localhost:4004/uimodule/resources/sap/fe/core/helpers/SizeHelper.js	200
1751897343980	GET	http://localhost:4004/uimodule/resources/sap/ui/mdc/util/TypeMap.js	200
1751897343981	GET	http://localhost:4004/uimodule/resources/sap/fe/macros/table/TableSizeHelper.js	200
1751897343981	GET	http://localhost:4004/uimodule/resources/sap/m/p13n/modification/ModificationHandler.js	200
1751897343981	GET	http://localhost:4004/uimodule/resources/sap/m/p13n/FlexUtil.js	200
1751897343981	GET	http://localhost:4004/uimodule/resources/sap/m/p13n/PersistenceProvider.js	200
1751897343981	GET	http://localhost:4004/uimodule/resources/sap/ui/fl/apply/api/ControlVariantApplyAPI.js	200
1751897343981	GET	http://localhost:4004/uimodule/resources/sap/ui/core/util/reflection/JsControlTreeModifier.js	200
1751897343981	GET	http://localhost:4004/uimodule/resources/sap/m/SplitButton.js	200
1751897343999	GET	http://localhost:4004/uimodule/resources/sap/ui/mdc/BaseDelegate.js	200
1751897343999	GET	http://localhost:4004/uimodule/resources/sap/ui/mdc/util/PropertyHelperUtil.js	200
1751897344018	GET	http://localhost:4004/uimodule/resources/sap/ui/fl/apply/_internal/flexState/controlVariants/VariantManagementState.js	200
1751897344021	GET	http://localhost:4004/uimodule/resources/sap/ui/fl/Utils.js	200
1751897344022	GET	http://localhost:4004/uimodule/resources/sap/ui/core/util/reflection/XmlTreeModifier.js	200
1751897344022	GET	http://localhost:4004/uimodule/resources/sap/ui/fl/apply/_internal/controlVariants/URLHandler.js	200
1751897344023	GET	http://localhost:4004/uimodule/resources/sap/ui/core/util/reflection/BaseTreeModifier.js	200
1751897344035	GET	http://localhost:4004/uimodule/resources/sap/base/util/restricted/_/lodash.custom.js	200
1751897344040	GET	http://localhost:4004/uimodule/resources/sap/m/SplitButtonRenderer.js	200
1751897344098	GET	http://localhost:4004/uimodule/resources/sap/fe/macros/manifest.json	200
1751897344108	GET	http://localhost:4004/uimodule/resources/sap/fe/macros/messagebundle_en.properties	200
1751897344127	GET	http://localhost:4004/uimodule/resources/sap/f/library.js	200
1751897344149	GET	http://localhost:4004/uimodule/resources/sap/ui/layout/library.js	200
1751897344160	GET	http://localhost:4004/uimodule/resources/sap/base/util/restricted/_omit.js	200
1751897344166	GET	http://localhost:4004/uimodule/resources/sap/base/util/restricted/_pick.js	200
1751897344170	GET	http://localhost:4004/uimodule/resources/sap/ui/fl/apply/_internal/controlVariants/Utils.js	200
1751897344173	GET	http://localhost:4004/uimodule/resources/sap/ui/fl/apply/_internal/flexObjects/States.js	200
1751897344174	GET	http://localhost:4004/uimodule/resources/sap/ui/fl/apply/_internal/flexState/changes/DependencyHandler.js	200
1751897344177	GET	http://localhost:4004/uimodule/resources/sap/ui/fl/changeHandler/condenser/Classification.js	200
1751897344179	GET	http://localhost:4004/uimodule/resources/sap/ui/fl/apply/_internal/flexState/DataSelector.js	200
1751897344180	GET	http://localhost:4004/uimodule/resources/sap/ui/fl/apply/_internal/flexState/FlexState.js	200
1751897344184	GET	http://localhost:4004/uimodule/resources/sap/ui/fl/initial/_internal/Storage.js	200
1751897344184	GET	http://localhost:4004/uimodule/resources/sap/ui/fl/LayerUtils.js	200
1751897344185	GET	http://localhost:4004/uimodule/resources/sap/ui/fl/Scenario.js	200
1751897344185	GET	http://localhost:4004/uimodule/resources/sap/base/util/restricted/_isEqual.js	200
1751897344185	GET	http://localhost:4004/uimodule/resources/sap/ui/fl/initial/_internal/FlexConfiguration.js	200
1751897344269	GET	http://localhost:4004/uimodule/resources/sap/ui/layout/themes/sap_horizon/library.css?version=1.136.1	200
1751897344272	GET	http://localhost:4004/uimodule/resources/sap/f/themes/sap_horizon/library.css?version=1.136.1	200
1751897344278	GET	http://localhost:4004/uimodule/resources/sap/ui/fl/apply/_internal/flexState/InitialPrepareFunctions.js	200
1751897344279	GET	http://localhost:4004/uimodule/resources/sap/ui/fl/apply/_internal/flexState/Loader.js	200
1751897344281	GET	http://localhost:4004/uimodule/resources/sap/ui/fl/apply/_internal/flexObjects/FlexObjectFactory.js	200
1751897344281	GET	http://localhost:4004/uimodule/resources/sap/ui/fl/apply/_internal/flexState/compVariants/prepareCompVariantsMap.js	200
1751897344290	GET	http://localhost:4004/uimodule/resources/sap/ui/fl/apply/_internal/flexState/ManifestUtils.js	200
1751897344292	GET	http://localhost:4004/uimodule/resources/sap/ui/fl/initial/_internal/FlexInfoSession.js	200
1751897344294	GET	http://localhost:4004/uimodule/resources/sap/ui/fl/initial/_internal/StorageUtils.js	200
1751897344296	GET	http://localhost:4004/uimodule/resources/sap/base/util/restricted/_merge.js	200
1751897344296	GET	http://localhost:4004/uimodule/resources/sap/ui/fl/initial/_internal/StorageFeaturesMerger.js	200
1751897344296	GET	http://localhost:4004/uimodule/resources/sap/ui/fl/initial/_internal/storageResultDisassemble.js	200
1751897344305	GET	http://localhost:4004/uimodule/resources/sap/ui/fl/initial/_internal/StorageResultMerger.js	200
1751897344305	GET	http://localhost:4004/uimodule/resources/sap/ui/fl/Layer.js	200
1751897344309	GET	http://localhost:4004/uimodule/resources/sap/ui/fl/apply/_internal/flexObjects/getVariantAuthor.js	200
1751897344310	GET	http://localhost:4004/uimodule/resources/sap/ui/fl/apply/_internal/flexObjects/AnnotationChange.js	200
1751897344311	GET	http://localhost:4004/uimodule/resources/sap/ui/fl/apply/_internal/flexObjects/AppDescriptorChange.js	200
1751897344311	GET	http://localhost:4004/uimodule/resources/sap/ui/fl/registry/Settings.js	200
1751897344323	GET	http://localhost:4004/uimodule/resources/sap/ui/fl/apply/_internal/flexObjects/ControllerExtensionChange.js	200
1751897344323	GET	http://localhost:4004/uimodule/resources/sap/ui/fl/apply/_internal/flexObjects/CompVariant.js	200
1751897344326	GET	http://localhost:4004/uimodule/resources/sap/ui/fl/apply/_internal/flexObjects/FlVariant.js	200
1751897344327	GET	http://localhost:4004/uimodule/resources/sap/ui/fl/apply/_internal/flexObjects/FlexObject.js	200
1751897344331	GET	http://localhost:4004/uimodule/resources/sap/ui/fl/apply/_internal/flexObjects/UIChange.js	200
1751897344333	GET	http://localhost:4004/uimodule/resources/sap/ui/fl/apply/_internal/flexObjects/UpdatableChange.js	200
1751897344339	GET	http://localhost:4004/uimodule/resources/sap/ui/fl/apply/_internal/flexObjects/VariantChange.js	200
1751897344339	GET	http://localhost:4004/uimodule/resources/sap/ui/fl/apply/_internal/flexObjects/VariantManagementChange.js	200
1751897344341	GET	http://localhost:4004/uimodule/resources/sap/ui/fl/apply/_internal/appVariant/DescriptorChangeTypes.js	200
1751897344341	GET	http://localhost:4004/uimodule/resources/sap/ui/fl/apply/_internal/flexState/compVariants/CompVariantMerger.js	200
1751897344342	GET	http://localhost:4004/uimodule/resources/sap/ui/fl/apply/_internal/flexObjects/Variant.js	200
1751897344353	GET	http://localhost:4004/uimodule/resources/sap/ui/fl/apply/_internal/flexState/compVariants/Utils.js	200
1751897344365	GET	http://localhost:4004/favicon.ico	200
1751897344380	OPTIONS	http://localhost:54508/_/QUnit/begin	200
1751897344394	POST	http://localhost:54508/_/QUnit/begin	200
1751897344395	OPTIONS	http://localhost:54508/_/QUnit/testStart	200
1751897344396	POST	http://localhost:54508/_/QUnit/testStart	200
1751897344396	OPTIONS	http://localhost:54508/_/QUnit/log	200
1751897344397	POST	http://localhost:54508/_/QUnit/log	200
1751897344398	OPTIONS	http://localhost:54508/_/QUnit/testDone	200
1751897344401	POST	http://localhost:54508/_/QUnit/testDone	200
1751897344406	OPTIONS	http://localhost:54508/_/QUnit/done	200
1751897344409	POST	http://localhost:54508/_/QUnit/done	200
